Summary,Issue key,Issue id,Issue Type,Status,Project key,Project name,Project type,Project lead,Project description,Project url,Priority,Resolution,Assignee,Reporter,Creator,Created,Updated,Last Viewed,Resolved,Affects Version/s,Fix Version/s,Component/s,Votes,Labels,Labels,Labels,Description,Environment,Watchers,Watchers,Watchers,Watchers,Watchers,Watchers,Watchers,Log Work,Original Estimate,Remaining Estimate,Time Spent,Work Ratio,Σ Original Estimate,Σ Remaining Estimate,Σ Time Spent,Security Level,Inward issue link (Cloners),Inward issue link (Cloners),Outward issue link (Cloners),Inward issue link (Relate),Outward issue link (Relate),Attachment,Attachment,Custom field (% of Ad Request Source from EU),Custom field (% of Ad Request Source from US-EAST),Custom field (% of Ad Request Source from US-EAST-1),Custom field (% of Ad Request Source from US-EAST-2),Custom field (% of Ad Request Source from US-WEST),Custom field (% of Ad Request Source from US-WEST-1),Custom field (% of Ad Request Source from US-WEST-2),Custom field (.NET Framework Version),Custom field (2020 Initiative),Custom field (2021-3 Planned Person Days),Custom field (2021-4 Planned Person Days),Custom field (2021-5 Planned Person Days),Custom field (2021-6 Planned Person Days),Custom field (2022-1 Planned Person Days),Custom field (2022-2 Planned Person Days),Custom field (2022-3 Planned Person Days),Custom field (2022-4 Planned Person Days),Custom field (2022-5 Planned Person Days),Custom field (2022-6 Planned Person Days),Custom field (2023-1 Planned Person Days),Custom field (2023-2 Planned Person Days),Custom field (2023-3 Planned Person Days),Custom field (2023-4 Planned Person Days),Custom field (2023-5 Planned Person Days),Custom field (2023-6 Planned Person Days),Custom field (2024-1 Planned Person Days),Custom field (2024-2 Planned Person Days),Custom field (2024-3 Planned Person Days),Custom field (2024-4 Planned Person Days),Custom field (2024-5 Planned Person Days),Custom field (2024-6 Planned Person Days),Custom field (6.20 Inclusion Details),Custom field (ADS-Biz PPD),Custom field (ADS-Foundation PPD),Custom field (AF Effort),Custom field (AF-ADI PPD),Custom field (AF-Biz PPD),Custom field (AF-MKPL PPD),Custom field (AIM Effort),Custom field (AIM Platform Rank),Custom field (AM Lead),Custom field (APAC Market),Custom field (API Management PPD),Custom field (AWS Accounts),Custom field (AWS Region),Custom field (Acceptance Criteria),Custom field (Acceptance Status),Custom field (Access Review Type),Custom field (Access Type),Custom field (Account Team Contact),Custom field (Accountable Owner),Custom field (Accounts Needed),Custom field (Action Link),Custom field (Actual Development End),Custom field (Actual Development Start),Custom field (Actual End Date),Custom field (Actual Fix Date),Custom field (Actual Person-Day),Custom field (Actual Start Date),Custom field (AdServer Effort),Custom field (Add to DR),Custom field (Additional Cost FW Spent ($)),Custom field (Additional Customers),Custom field (Additional Equipment Needed),Custom field (Additional Info),Custom field (Additional Team),Custom field (Affected Database),Custom field (Affected Environment),Custom field (Affected Team(s) (SalesForce)),Custom field (Agency Name),Custom field (Aha Capability),Custom field (Aha Epic Ranking),Custom field (Aha Feature Link),Custom field (Aha Feature Value),Custom field (Aha Initiative),Custom field (Aha Product Name),Custom field (Aha Product Suite),Custom field (Aha Reference Num),Custom field (Aha Release),Custom field (Aha Release (Sandbox)),Custom field (Algo PPD),Custom field (Analytics PPD),Custom field (App T-Shirt Size),Custom field (App/System),Custom field (App/System Owner),Custom field (Applications Affected),Custom field (Approved Change Review Ticket),Custom field (Approvers),Custom field (Architecture PPD),Custom field (Area),Custom field (Assignee Entity),Custom field (Assignees),Custom field (Audience),Custom field (Audience Manager PPD),Custom field (Audience PPD),Custom field (Audience PV3 PPD),Custom field (Audience Picasso PPD),Custom field (AutoCreateZendeskTicket),Custom field (AutoFillCII1o1),Custom field (AutoFillCII1o2),Custom field (AutoFillClientImpactFactor),Custom field (AutoFillClientType),Custom field (AutoFillEventTime),Custom field (AutoFillFixDate),Custom field (AutoFillPersonDayClear),Custom field (AutoFillPersonDayPTP2),Custom field (AutoFillPersonDayUX),Custom field (AutoFillStartEndDate),Custom field (AutoFillStartEndDateClear),Custom field (Automated Deployment),Custom field (Automation Features in Use),Custom field (Average Ad Decision Time (ms)),Custom field (Average Merge Duration),Custom field (Avg Lines of Code Change),Custom field (BA Assignee),Custom field (BACLI),Custom field (BW - App PPD),Custom field (BW - App Team Effort),Custom field (BW - DPE PPD),Custom field (BW - DPE Team Effort),Custom field (BW - Opt PPD),Custom field (BW - Optimization Team Effort),Custom field (BW - SRE PPD),Custom field (BW - SRE Team Effort),Custom field (BW - Serving PPD),Custom field (BW - Serving Team Effort),Custom field (BW - Support PPD),Custom field (BW - Userdata PPD),Custom field (BW - Userdata Team Effort),Custom field (Backup Requirement),Custom field (Baseline end date),Custom field (Baseline start date),Custom field (Beeline WO),Custom field (Best-Case Estimate (days)),Custom field (Big Panda Incident Link),Custom field (Billing Category),Custom field (Biz UI Advertising PPD),Custom field (Biz UI MKPL-BJ PPD),Custom field (Biz UI Prog US PPD),Custom field (Biz-UI Effort),Custom field (Biz-UI PPD),Custom field (Bleeding stopped time),Custom field (Bug Discovery Method),Custom field (Bug Owner),Custom field (Bug Source),Custom field (Bug Type),Custom field (Bugzilla Id),Custom field (Business Approver),Custom field (Business Justification),Custom field (Business Owner),Custom field (Business Process Concept(s)),Custom field (Business System(s) Impacted),Custom field (Business Value),Custom field (Business/Operations/Technique Concepts),Custom field (CAB),Custom field (CC Users),Custom field (CI Status),Custom field (CLEAR Migration Old Epic Key),Custom field (CS-Change Approval),Custom field (CVSS),Custom field (Cable Partner),Custom field (Campaign Manager PPD),Custom field (Capability End Date),Custom field (Capability Eng Owner),Custom field (Capability HLTD link),Custom field (Capability PM Owner),Custom field (Capability PRD link),Custom field (Capability Rank),Custom field (Capability Start Date),Custom field (Capability Status),Custom field (Capability Type),Custom field (Case ID),Custom field (Case ID*),Custom field (Category),Custom field (Category),Custom field (Certified/Supported Browser(s)),Custom field (Change End),Custom field (Change Result),Custom field (Change Start),Custom field (Change completion date),Custom field (Change managers),Custom field (Change reason),Custom field (Change risk),Custom field (Change start date),Custom field (Change type),Custom field (Change_Reason),Custom field (Class of Service),Custom field (Client),Custom field (Client Assignee),Custom field (Client Billable?),Custom field (Client Engagement Program),Custom field (Client Facing Release Guide:),Custom field (Client Impact (Business)),Custom field (Client Impact (Relationship)),Custom field (Client Impact Index),Custom field (Client Impact Index (v1.1)),Custom field (Client Impact Index (v1.2)),Custom field (Client Inquiry Description),Custom field (Client Inquiry Link),Custom field (Client Order #),Custom field (Client Priority),Custom field (Client Release Requirements),Custom field (Client Rep. Name),Custom field (Client Support Type),Custom field (Client Team),Custom field (Client Ticket #),Custom field (Client Training:),Custom field (Client(s)),Custom field (Clients' agenda),Custom field (Clients' specific Question),Custom field (Clone Existing User?),Custom field (Close Reason),Custom field (Code Coverage %),Custom field (Code Reviewer),Custom field (Code Reviews & Merges),Custom field (Collaborators),Custom field (Command Log),Custom field (CommentAfterEscalation),Custom field (Commercial Milestone),Custom field (Commercial Plan/Brief:),Custom field (Committed Iteration(s)),Custom field (Communication Plan),Custom field (Computer Preference),Custom field (Concept Brief Link),Custom field (Conf Bridge),Custom field (Config/Request Type),Custom field (Consulting ENG),Custom field (Consulting Others),Custom field (Content Switching Needed),Custom field (Continuous Integration),Custom field (Contractor Type),Custom field (CopyRiskLevel),Custom field (CopySyncLogic),Custom field (Core Finance?),Custom field (Corresponding ESC),Custom field (Create KMT ticket for Release Guide inclusion and/or Client documentation),Custom field (Creative Effort),Custom field (Creative PPD),Custom field (Critical for 6.20?),Custom field (Cross-Team Feature),Custom field (Cumulo PPD),Custom field (Current Version),Custom field (Customer Code),Custom field (Customer Drop-Dead Date),Custom field (Customer ID),Customer Request Type,Custom field (Customer Type),Custom field (Customer Type),Custom field (Customers),Custom field (DAL PPD),Custom field (DE PPD),Custom field (DF Effort),Custom field (DMO Effort),Custom field (DMO PPD),Custom field (DPE T-Shirt Size),Custom field (DSP Name),Custom field (DWH PPD),Custom field (Dashboard URL (if any)),Custom field (Data Access Technology),Custom field (Data Infra PPD),Custom field (Data Policy Type (Risk Level)),Custom field (Data Products PPD),Custom field (Data Warehouse PPD),Custom field (Data-MKPL PPD),Custom field (DataApp Effort),Custom field (DataDevOps PPD),Custom field (DataEngBJ PPD),Custom field (DataSuite PPD),Custom field (Database Changes),Custom field (Datacenter),Custom field (Days Interval (Issue Reported vs. Introduced)),Custom field (Definition of Done),Custom field (Delivery Status),Custom field (Department),Custom field (Dependencies/Risks),Custom field (Deploy Ready),Custom field (Deployment End),Custom field (Deployment Start),Custom field (Deployment Success),Custom field (Describe any existing Solutions),Custom field (Describe any potential Solutions),Custom field (Description Client Impact (Business)),Custom field (Description Client Impact (Relationship)),Custom field (Description Impacted Tent Pole Live Event),Custom field (Description of current controls and mitigating controls),Custom field (Design Due Date),Custom field (Design Eng PPD),Custom field (Design Status),Custom field (Destination Host),Custom field (Details),Custom field (Detection Level),Custom field (Dev % Complete),Custom field (Dev Notes),Custom field (Dev Plan),Custom field (DevOps Components),Custom field (Developer),Custom field (Developer Version Log Entry),Custom field (Developers),Custom field (Discovered By),Custom field (Disk Storage Requirements),Custom field (Distribution Lists),Custom field (Division),Custom field (Documentation Request),Custom field (Documentation Required For Release Readiness),Custom field (Documents Loaded),Custom field (Dollar Impact (if applicable)),Custom field (Duration),Custom field (E2E Report URL),Custom field (EAS Applications),Custom field (ENG Feedback),Custom field (ENG Release Notes),Custom field (ENG Release Notes Owner),Custom field (ENG-Scrum-Team),Custom field (EP PPD),Custom field (ESC Bleeding Stopped Time),Custom field (ESC Priority First Upgrade Time),Custom field (ESC Raised Cause),Custom field (ETL PPD),Custom field (Edge PPD),Custom field (Effort),Custom field (Email - Request Type),Custom field (Employee Name),Custom field (Employee Type),Custom field (End Date),Custom field (End User Impact/Benefit),Custom field (End date),Custom field (Eng Assignees),Custom field (Eng Owner),Custom field (Engineering Team),Custom field (Enhancement to existing product or new initiative),Custom field (Entity Domain),Custom field (Entity Name),Custom field (Environment),Custom field (Environment Category),Custom field (Environments),Custom field (Epic Link),Custom field (Epic Ranking),Custom field (Equipment/Product),Custom field (Escalation / Follow up),Custom field (Escalation Type),Custom field (Estimated # of Resources),Custom field (Estimated CapEx),Custom field (Estimated Capacity - # Impressions / Month),Custom field (Estimated Capacity - # Videos Ingested (Initial)),Custom field (Estimated Capacity - # Videos Ingested (Month Post Launch)),Custom field (Estimated Close Date),Custom field (Estimated Development End),Custom field (Estimated Development Start),Custom field (Estimated Hours),Custom field (Estimated Person-Day),Custom field (Estimated SP),Custom field (Estimated Timing (if on Roadmap)),Custom field (Event End Time),Custom field (Event Start Time),Custom field (Event Time),Custom field (Event Window End Time),Custom field (Event Window Start Time),Custom field (ExState),Custom field (Execution Start Date),Custom field (Expected System Load),Custom field (Expedited),Custom field (Extended Client Preview Target(s)),Custom field (External Client),Custom field (External Comms),Custom field (External issue ID),Custom field (External_ID),Custom field (FW Project),Custom field (FWA Acceptance Criteria),Custom field (FWA Bug Discovery Method),Custom field (FWA Case ID),Custom field (FWA Category),Custom field (FWA Department),Custom field (FWA Request Type),Custom field (FWA Source),Custom field (Failure reason),Custom field (Falcon/MPX Build),Custom field (Feature Impact),Custom field (Feature What),Custom field (Feature Why),Custom field (Feature or IS?),Custom field (Field Check),Custom field (FillChangeStartEndTime),Custom field (Finance Business Support Type),Custom field (Finance Technical Support Type),Custom field (Fiscal year),Custom field (Fishbone Issue),Custom field (Fishbone Root Cause),Custom field (Fix Branches),Custom field (Fix Date),Custom field (Fix Type),Custom field (Flagged),Custom field (Flagged Issue),Custom field (Forum Link),Custom field (Found Phase),Custom field (FreeWheel Platform),Custom field (Functional Design Deadline),Custom field (Functional Design URL_),Custom field (Functional Grouping),Custom field (GBI Request Type),Custom field (GM Epic #),Custom field (Gender),Custom field (Go-to-Market Phase),Custom field (Goes By),Custom field (GroupM Environment),Custom field (GroupM Market),Custom field (GroupM Market (Deprecated)),Custom field (Groups),Custom field (HS-Client),Custom field (HS-Data Eng PPD),Custom field (HS-OneConnect PPD),Custom field (HS-OneSuite PPD),Custom field (HS-SOS Eng PPD),Custom field (Hack Theme),Custom field (Happened Before),Custom field (Has Manager Approved),Custom field (Has Production Impact?),Custom field (Health),Custom field (High Sensitivity Change),Custom field (Hiring Manager),Custom field (Hiring Source),Custom field (Hostname(s)),Custom field (Hotfix Date),Custom field (How are clients dealing with this issue/blocker?),"Custom field (How do you plan to reduce CII1.2? (What, Why, and How We Achieve Stability))",Custom field (How will solving this problem benefit FreeWheel?),Custom field (How will solving this problem benefit our clients?),Custom field (How will this impact the product or customer experience?),Custom field (Hub Documentation:),Custom field (I've done my work),Custom field (INK Source),Custom field (IP Address(es)),Custom field (IRT #),Custom field (Idea Forum URL),Custom field (Idea Forum Votes at Time of Vetting),Custom field (Identity Network PPD),Custom field (Identity PPD),Custom field (Identity Service PPD),"Custom field (If an unexpected issue happened, which range (Red, Amber, Green) would the CII1.2 fall into? (Measuring Progress using Incident Severity))",Custom field (Immediately Preventable),Custom field (Impact),Custom field (Impact),Custom field (Impact Category),Custom field (Impact Category(Other)),Custom field (Impact PPD),Custom field (Impact Value),Custom field (Impact of not resolving the problem),Custom field (Impacted Platform),Custom field (Impacted Tent Pole Live Event),Custom field (Implementation Go-Live Date),Custom field (In Future SalesForce Release),Custom field (Incident Cause Category),Custom field (Incident Caused During),Custom field (Incident Caused During Old),Custom field (Incident Caused by Role),Custom field (Incident Freewheel Internal Trigger),Custom field (Incident Level),Custom field (Incident Slack Link),Custom field (Incident Type),Custom field (Include in API Documentation),Custom field (Include in Hub Documentation),Custom field (Include in Release Guide),Custom field (Include in release notes?),Custom field (Included in PROH),Custom field (Included in Product MVP definition?),Custom field (Infra-UI Effort),Custom field (Initiative),Custom field (Initiative Definition Link),Custom field (Initiative Description),Custom field (Initiative Type),Custom field (Insights PPD),Custom field (Integration Start),Custom field (Integration Test Story Points),Custom field (Integration Testing?),Custom field (Integration Type),Custom field (Internal CII Tool),Custom field (Internal Documentation:),Custom field (Internal Priority),Custom field (Introduced By:),Custom field (Introduced Date),Custom field (Introduced Squad),Custom field (Introduced Ticket),Custom field (Introduced Type),Custom field (Introduced Version),Custom field (Introduced Version (Non-MRM)),Custom field (Investigation Result),Custom field (Investigation reason),Custom field (Investment Area),Custom field (Is Integration Master),Custom field (Is contained by key),Custom field (Is regression),Custom field (Issue Cause),Custom field (Issue Reported with Client Impact?),Custom field (Issue Spotted By),Custom field (Issue Viewers),Custom field (Issue start time),Custom field (Iteration),Custom field (Iteration #),Custom field (Iteration Planning Notes),Custom field (Job Requisition Number),Custom field (Job Title),Custom field (Justification of skipping Post-Check),Custom field (KM Assignee),Custom field (KMTCopyParentKey),Custom field (KTLO),Custom field (Key Result),Custom field (Key Result (Deprecate)),Custom field (Klotski PPD),Custom field (Knowledge Management Request Type),Custom field (Known Issue),Custom field (L1 Process),Custom field (L2 Process),Custom field (L3 Process),Custom field (L3 Process Step),Custom field (L4 Process),Custom field (LMD Reporting PPD),Custom field (Laptop Choices),Custom field (LastCommentByNonEngAssignee),Custom field (LastRealChange),Custom field (Latest Status Summary),Custom field (Latest Status Update Notes),Custom field (Linear API PPD),Custom field (Linear CPS PPD),Custom field (Linear Web PPD),Custom field (Linked major incidents),Custom field (Log Processing PPD),Custom field (Login Email),Custom field (Long Term Project),Custom field (ML/Data Enablement PPD),Custom field (MOD Service ID),Custom field (MR Reviewers),Custom field (MVPD),Custom field (MVPD-Client),Custom field (Maintenance Type),Custom field (Maintenance Window),Custom field (Manager Approval Rationale),Custom field (Mantis ID),Custom field (Mantis ID (Number)),Custom field (Maps to Existing Functionality In),Custom field (MarkPointReleaseTickets),Custom field (Market),Custom field (Max Tier of Clients Impacted),Custom field (MeBiz-Platforms PPD),Custom field (MeBiz-TVSales PPD),Custom field (Measurement BJ PPD),Custom field (Measurement of Key Result),Custom field (Media Type),Custom field (Meeting Date & Time),Custom field (Meeting Equipments),Custom field (Meeting Locations),Custom field (Mitigation and Rollback Plan),Custom field (MoSCoW),Custom field (Mobile Phone Number),Custom field (Module),Custom field (Monitor Actions),Custom field (Monitoring Changes/Request),Custom field (Monitoring Tools),Custom field (Most Likely Estimate (days)),Custom field (NTID),Custom field (Need By Date),Custom field (Needed for MY/SG MVP? (FWA BA)),Custom field (Needed for MY/SG MVP? (GroupM)),Custom field (Network ID),Custom field (New Account Request/Additional Permissions),Custom field (New Build or Tech Refresh),Custom field (New Client Impact Index),Custom field (Non Dev Task Team),Custom field (Non Dev Task Work Type),Custom field (Non-Functional Requirement),Custom field (Non-Readonly),Custom field (Number Of Merges),Custom field (Number Of Servers),Custom field (Number of Clients Impacted),Custom field (Number of Clients Impacted(Deprecated)),Custom field (Number of Impressions Impacted (if applicable)),Custom field (OD Link),Custom field (OPS Projects),Custom field (OPS Reviewer),Custom field (Off-Hours ESC Support),Custom field (Office Location),Custom field (Office Region),Custom field (One Strata Core Component Required),Custom field (Op Plan Objective),Custom field (Operating System),Custom field (Operational categorization),Custom field (Opportunity Source),Custom field (Ops Account Type),Custom field (Ops Annual/Long-term Project),Custom field (Ops Assignee),Custom field (Opt T-Shirt Size),Custom field (OptiML Demand Delivery PPD),Custom field (OptiML Demand Planning PPD),Custom field (OptiML Demand Planning T-Shirt Size),Custom field (OptiML Supply Planning PPD),Custom field (Organizations),Custom field (Origin ESC),Custom field (Original Key),Custom field (Original Requirement ID),Custom field (Original Story Points),Custom field (Original story points),Custom field (Other Training:),Custom field (Outage Severity),Custom field (Overhead),Custom field (PM Assignee),Custom field (PM Notes),Custom field (PM Owner),Custom field (PO Spec Link),Custom field (PO Spec Ready),Custom field (PQM PPD),Custom field (PRD Reviewer),Custom field (PRD Status),Custom field (PRD URL),Custom field (PROD Release),Custom field (PSE Notes & Concerns),Custom field (PX Name),Custom field (Parent Account Name),Custom field (Parent Account Name ID),Custom field (Parent Created),Custom field (Parent Link),Custom field (Parent Priority),Custom field (Partner Category Impacted by Release),Custom field (Partner Release Readiness Impact),Custom field (Partner Type),Custom field (Peak Concurrency),Custom field (Pending Reasons),Custom field (Pending Triage),Custom field (Pending reason),Custom field (Performance / Load Test Results Location),Custom field (Performance / Load Test Scripts Available),Custom field (Person Months),Custom field (Personal Email),Custom field (Pillar),Custom field (Pipeline PPD),Custom field (Placeholder Storypoints),Custom field (Planned Person Days),Custom field (Planned Start Date),Custom field (Planning Iteration),Custom field (Platform),Custom field (Platform Ops T-Shirt Size),Custom field (Point Release),Custom field (Post Check Done on PROD),Custom field (Post Check Done on STG),Custom field (Post Termination Followup),Custom field (Posted ZenDesk URL),Custom field (Potential Client Impact),Custom field (Pre-implementation Testing Process),Custom field (Pricing:),Custom field (Primary Customer),Custom field (Prioritization Justification),Custom field (Proactive Detection),Custom field (Prod Access Platform),Custom field (Product),Custom field (Product Aligned SE Contact),Custom field (Product Design Status),Custom field (Product Key Result Name),Custom field (Product Line),Custom field (Product Management Output),Custom field (Product Name),Custom field (Product Objective Name),Custom field (Product Owner),Custom field (Product Parent),Custom field (Product Resolution),Custom field (Product Roadmap Slide:),Custom field (Product Suite),Custom field (Product Vertical),Custom field (Product categorization),Custom field (Production Changes?),Custom field (Production Hosting),Custom field (Production Network Name - ID),Custom field (Production Release Date),Custom field (Production Release Target),Custom field (Productivity Lost in Hours),Custom field (Productizing Target Release),Custom field (Program Increment),Custom field (Program Initiative),Custom field (Program Manager),Custom field (Progress),Custom field (Progressing),Custom field (Project Approved),Custom field (Project Plan Status),Custom field (Project Sponsor),Custom field (Project Start Date),Custom field (Project Status and Next Steps),Custom field (Protocol & Port Number(s)),Custom field (Prototyping Target Release),Custom field (QA),Custom field (QA Estimate),Custom field (QA Lead),Custom field (QA Plan),Custom field (QA Test Cases),Custom field (QA Time (days)),Custom field (QID),Custom field (QoS Incident?),Custom field (QoS Level),Custom field (QoS Reported Version),Custom field (Quad),Custom field (Quarter),Custom field (Query Engine PPD),Custom field (RAG Reasoning),Custom field (RAM (GB)),Custom field (RCA - Impact),Custom field (RCA - Preventative measure),Custom field (RCA - Resolution),Custom field (RCA - Root Causes),Custom field (RCA - Summary),Custom field (RCA Draft(Deprecated)),Custom field (RCA Reviewer),Custom field (RCA Type),Custom field (RPR Region),Custom field (Rack Number),Custom field (Rank),Custom field (Rank (Obsolete)),Custom field (Rank - A&M),Custom field (Rank - AS),Custom field (Rank - BCP),Custom field (Rank - BM),Custom field (Rank - BNP),Custom field (Rank - CY),Custom field (Rank - Core Platform),Custom field (Rank - Data & Analytics),Custom field (Rank - EC),Custom field (Rank - GO),Custom field (Rank - GS),Custom field (Rank - HD),Custom field (Rank - Hylda),Custom field (Rank - JK),Custom field (Rank - KL),Custom field (Rank - Log Files),Custom field (Rank - MHE),Custom field (Rank - Markets),Custom field (Rank - NL),Custom field (Rank - NN),Custom field (Rank - NY),Custom field (Rank - PP),Custom field (Rank - PR),Custom field (Rank - RPM),Custom field (Rank - RS),Custom field (Rank - RX),Custom field (Rank - SL),Custom field (Rank - SP),Custom field (Rank - SW),Custom field (Rank - Scoping Priority),Custom field (Rank - Squad),Custom field (Rank - TC),Custom field (Rank - UEX),Custom field (Rank - UIF),Custom field (Rank - VP),Custom field (Rank - WN),Custom field (Rank - Web Services),Custom field (Realtime PPD),Custom field (Reason for Rejection),Custom field (Region),Custom field (Regression Test Scripts Available),Custom field (Regression Tests Automated),Custom field (Related Areas),Custom field (Related ESC/Release Ticket),Custom field (Related Epic:),Custom field (Related Initiative:),Custom field (Related OPP),Custom field (Related Objective),Custom field (Related Product Requests),Custom field (Related Story:),Custom field (Release),Custom field (Release Brief),Custom field (Release Frequency),Custom field (Release Guide),Custom field (Release Guide Category),Custom field (Release Guide Entry - PM Version),Custom field (Release Guide Entry - Published Version),Custom field (Release Guide Inclusion),Custom field (Release Note),Custom field (Release Note Summary),Custom field (Release to Internal Test Target Date),Custom field (Relevant Client(s)),Custom field (Remaining Person-Day),Custom field (Remediation Steps),Custom field (Remediation Ticket),Custom field (Remediation Type),Custom field (Renewal Date),Custom field (Reopen Reason),Custom field (Reported Version),Custom field (Reported with Client Impact?),Custom field (Reporting Manager),Custom field (Reporting PPD),Custom field (Request Category),Custom field (Request Training Dates),Custom field (Request Type),Custom field (Request participants),Custom field (Requesting Squad),Custom field (Requesting Team),Custom field (Require Infra Support from OPS),Custom field (Requirement Delivery Status),Custom field (Requirement Type),Custom field (Requires Client Readiness Support),Custom field (Requires Hub or Release Guide Documentation),Custom field (Requires internal-facing documentation or internal training),Custom field (Requires the creation or updating of a User Guide or Playbook),Custom field (Resolution Link),Custom field (Resolution Time),Custom field (Resolution of Change),Custom field (ResolutionDuration),Custom field (ResolveTime),Custom field (Resource Assignee(s)),Custom field (Resource Request),Custom field (Resourcing Notes),Custom field (Review Notes),Custom field (Risk),Custom field (Risk),Custom field (Risk),Custom field (Risk),Custom field (Risk Analysis),Custom field (Risk Level),Custom field (Risk Level Setter),Custom field (Risk consequence),Custom field (Risk probability),Custom field (Roadmap),Custom field (Role),Custom field (Rollback SQL-1),Custom field (Rollback SQL-2),Custom field (Rollback SQL-3),Custom field (Rollbacks),Custom field (Root Cause),Custom field (Root Cause),Custom field (Root Cause Analysis),Custom field (Root cause),Custom field (Root-Cause),Custom field (S3 Bucket),Custom field (SCRUM Team),Custom field (SFX DE PPD),Custom field (SFX SE PPD),Custom field (SFX UI PPD),Custom field (SH Data Forge PPD),Custom field (SLA Contract Details),Custom field (SOW Cost),Custom field (SP),Custom field (SQL Change),Custom field (SQL Server Version),Custom field (SQL URL-1),Custom field (SQL URL-2),Custom field (SQL URL-3),Custom field (SRE T-Shirt Size),Custom field (SRS Source),Custom field (SSP Fix version/s),Custom field (SSP GitHub Ticket URL),Custom field (SSP PPD),Custom field (SSP Release Components),Custom field (SSP Release Phase),Custom field (SSP Release Procedure WIKI),Custom field (SSP Release QA To-Do Reminder),Custom field (SSP Release SysAdmin To-Do Reminder),Custom field (SSP Subversion Number),Custom field (SSP Version (Base)),Custom field (STG Release),Custom field (STRATA Stakeholder(s)),Custom field (Sales Material:),Custom field (Sales Training:),Custom field (SalesForce Request Type),Custom field (Sample Ad Request),Satisfaction score (out of 5),Custom field (Schedulable Deadline),Custom field (Scheduling Status),Custom field (Scope),Custom field (Scope During Versions),Custom field (Score - External Risk / Dependency),Custom field (Score - Net Incr. Revenue),Custom field (Score - Strategic Value),Custom field (Score - Total Effort),Custom field (Score - Urgency),Custom field (Score - Value to Customer),Custom field (Seat Assignment),Custom field (Security Assessments Type),Custom field (Security Finding),Custom field (Security Risk Level),Custom field (Seller Type),Custom field (Server Environment),Custom field (Server LAN),Custom field (Server Spec),Custom field (Server Type),Custom field (Server(s)/Hardware Impacted),Custom field (Servers behind VIP),Custom field (Service Impacted),Custom field (Service Port),Custom field (Serviceability Fields),Custom field (Services),Custom field (Services Training:),Custom field (Serving T-Shirt Size),Custom field (SetRiskLevel),Custom field (Setup Date),Custom field (Severity),Custom field (Severity Level),Custom field (Shared Release Review Slide:),Custom field (Shipping Address),Custom field (Showcase link),Custom field (Slack Channel),Custom field (Snowflake Resource Type),Custom field (Soft Commit?),Custom field (Software Name),Custom field (Software Needed),Custom field (Solution Provided Date),Custom field (SolutionProvidedDate),Custom field (Solutions Engineer),Custom field (Source),Custom field (Source Control System),Custom field (Source Host),Sprint,Custom field (Squad),Custom field (Staging Passed),Custom field (Staging Release Date),Custom field (Start Date),Custom field (Start date),Custom field (Status Notes),Custom field (Status Update),Custom field (Status Update Date),Custom field (Steps to replicate),Custom field (Storage Spec),Custom field (Story Points),Custom field (Story Priority),Custom field (Story Sub-type),Custom field (Story point estimate),Custom field (Strata Platform Delivery Milestone),Custom field (Strata Platform Module),Custom field (Strategic Initiative),Custom field (Structure Index Monitor),Custom field (Sub Module),Custom field (Sub-Task Sub-type),Custom field (Sub-Type),Custom field (Sub-topic),Custom field (Submitted Due),Custom field (Subnet ID's),Custom field (Suggested Action),Custom field (Supported Desktop/Laptop OS versions),Custom field (Supporting Documents),Custom field (Switch Ports),Custom field (Synergy PPD),Custom field (System Operations Owner),Custom field (System Test PPD),Custom field (Systems Change Type),Custom field (Systems Hand-off date),Custom field (Systems/SRE Projects),Custom field (T&S-Data PPD),Custom field (T-Shirt Size),Custom field (TDM Flagged),Custom field (Target Date),Custom field (Target End Date),Custom field (Target end),Custom field (Target start),Custom field (Task Content),Custom field (Task Type),Custom field (Task mode),Custom field (Team),Custom field (Team),Custom field (Team Assigned),Custom field (Team Honored),Custom field (Team of Reporter),Custom field (Tech Design Status),Custom field (Tech Lead),Custom field (Technical Design Additional Notes),Custom field (Technical Design Reviewer),Custom field (Termination Time),Custom field (Termination Type),Custom field (Test Case),Custom field (Test Case Pass/Fail),Custom field (Test Case Target),Custom field (Test Case URL),Custom field (Test Doc),Custom field (Test Harness Changes Complete),Custom field (Test Network Name - ID),Custom field (Test Owner),Custom field (Test Task Type),Custom field (Test additional Notes),Custom field (Tested Due),Custom field (Testing Environment),Custom field (This feature changes the way our clients use the product and will require full client adoption and readiness training),Custom field (This feature is already a part of an existing Client Release Readiness and Commercialization Plan),Custom field (This feature is completely new and will require a commercialization plan),Custom field (Ticket Holder),Time to approve normal change,Time to approve normal change simplified,Time to close after resolution,Time to close after resolution simplified,Time to first response,Time to first response simplified,Time to resolution,Time to resolution simplified,Custom field (To Be Released into 6.20 PROD),Custom field (To Do Date),Custom field (Topic),Custom field (Total Users),Custom field (Tracked Roadmap Project),Custom field (Training Audience),Custom field (Training Location),Custom field (Training Request Type),Custom field (Tranche),Custom field (Triaged),Custom field (Triggered by FW Changes),Custom field (Troubleshooting),Custom field (Turbine PPD),Custom field (Type),Custom field (Type of Client),Custom field (Type of License),Custom field (Type of Request),Custom field (Type of Work),Custom field (Type of Work (Deprecated)),Custom field (UAT),Custom field (UAT Release Date),Custom field (UAT Required),Custom field (UEX PPD),Custom field (UI Technology),Custom field (UI-MKPL PPD),Custom field (UVP),Custom field (UX),Custom field (Under OPS Review New),Custom field (UpdateStatusUpdateDate),Custom field (Urgency),Custom field (Urgency),Custom field (User Modification Type),Custom field (User Story),Custom field (Userdata T-Shirt Size),Custom field (Username),Custom field (Uses CentralLogin Authentication),Custom field (VCOP Accepted),Custom field (VI PPD),Custom field (VI Runtime),Custom field (VIP Needed),Custom field (VIP Port),Custom field (VP Approver),Custom field (VPC ID's),Custom field (VW Meeting),Custom field (VW Meeting Label),Custom field (VW Root Cause),Custom field (Vendor),Custom field (Vendor Contact),Custom field (Version),Custom field (Version Log Entry),Custom field (Visual Studio Version),Custom field (WAVE PPD),Custom field (WSJF),Custom field (What applications will run on this server?),Custom field (What are you going to do?),Custom field (What do they need to know?),Custom field (What servers will connect to this?),Custom field (What servers will this connect to?),Custom field (Whitesource Organization),Custom field (Whitesource Product),Custom field (Whitesource Project),Custom field (Whitesource?),Custom field (Who needs to know?),Custom field (Will external public clients access this?),Custom field (Windows Server Version),Custom field (Work Category),Custom field (Work Location),Custom field (Work Type Other),Custom field (Work-On Version/s),Custom field (Workaround),Custom field (Workaround),Custom field (Workaround Exists),Custom field (Worked Iteration(s)),Custom field (Working Group),Custom field (Working on Version),Custom field (Workstream),Custom field (Worst-Case Estimate (days)),Custom field (Zendesk First Ticket Creation Time),Custom field (Zendesk Resolved Time),Custom field (Zendesk Status),Custom field (Zendesk link),Custom field (temp test),Custom field (test_version_picker),Comment,Comment,Comment,Comment,Comment,Comment,Comment,Comment,Comment,Comment
Appstream sign-in error: Certificate-based authentication is not available,ESC-86100,1227376,Investigation,Done,ESC,Escalation,software,mtorres,"Project for all support activities escalated to engineering team.

Please visit [Escalation Wiki|http://wiki.dev.fwmrm.net/display/JIRADOC/Escalations+-+ESC] for more information.
Please follow [Engineering Guidance|http://wiki.dev.fwmrm.net/display/JIRADOC/ENG+Guidance+to+Handle+Escalation+Tickets] for ticket processing from Engineering side
",https://jira.freewheel.tv/browse/ESC/,CRITICAL - P1,Fixed,OPSfwaTechOps,rchambers,rchambers,10/13/2025 16:19,11/11/2025 9:41,4/14/2026 1:28,10/31/2025 10:53,,,,0,Retro_Candidate,,,"All users external/ internal reporting receiving an error when logging into Appstream:
Certificate-based authentication not available

First report around 1:30 Central.
Initially re-entering credentials would bypass this.
Around 3pm Central users reported not being able to get in with the workaround. 

Chen reportedly working with AWS",,ahoskins,astefanov,cphuah,jmurphy,kgugerty,rchambers,scriptrunner,,,,,,,,,,,,,,OPS-245603,13/Oct/25 16:18;rchambers;image-2025-10-13-15-18-17-786.png;https://jira.freewheel.tv/secure/attachment/561450/image-2025-10-13-15-18-17-786.png,,,,,,,,,,,,,,,,,,,,,,,,,,,,,,,,,,,,,,,,,,,,,,,,,Quarterly Access Review,,,,,,,,,,,,,,,Not Specified,,,,,,,,,,<a href='https://freewheel.aha.io/features/'></a>,,,,,,,,,,,,,,,,,,,,,,,,,,,,,ESC-86100,,,,,,,,,,,,,,,,,,,,,,,,,,,,,,,,,,,,,,,,,,,,,,,,,,,,,,,,,New,,,,,,,,,,,,,,,,,,,,,,,,,,,,Standard,,,,,,,,,,,,,,,,,MRM Only,,,,ALL,,,,,,,,,,,,,,,,,,,,,No,,,,0,,,,,,,No,,,,,,,,,,,,,,,,,,,,,,,,,,,,,,,,,Not Started - White,,,,,,,,,,,,,,,,,,,,,,,,,,,,,,,,,,Permanent,,,,,,,,,,,,,,,,,,,,nobody,,,,,,,,,,,,,Internal Escalation,,,,,,,,,,,,,,,,,,,,,,,,,,,,,,,,,None,,,,,,,,,0,,,,,,,,,,,,,Strata,,,,,,None Specified,,,,,,,,,,,,,,,,,,,,,,,,,,,,,Internal - ENG,,,,,,,,,,,Low,Cost,,,,,,TBD,,,,,,,,Minor Incident,,,,,,,,,,,,,,,,,,,,,,,,,,,,,,,,,,,,,,,,,,,,,,,,,,,,,,,,,,,,,1,Fri Oct 31 14:53:56 UTC 2025,"Required for P1/P2 issues, full description of the current status.",,,,,,,,No,,,,,,,,,,,,,,,,,,,,,,,,,,,,,,,,,,,,,New Build,,,,,,,,,,,,,,,,,,,Amazon Linux,,,,No,kgugerty,,,,,,,,,,,,,,,,,,,,,,,,,,,,,,,,,,,,Solution Provided,,,,,0,,,,,,,,,,,,,,,,,,Not Specified,,TBD,,,,Open,,,,,,,,,,,,,,,,,,,,,,,,,,Not Started,,,,,,,,nobody,,,,,,,,,,,,,Please provide overall impact and impact by client if needed.,"||Remediation Category||Remediation DESC||Owner||ECD(Estimated Completion Date)||Tickets Associated||
| | | | | |",Please provide issue resolution.,Please provide detailed root causes.,Please provide issue brief.,,,,,,1|i3rway:,9.22337E+18,,,,,,,,,,,,,,,,,,,,,,,,,,,,,,,,,,,,,,,,Not Specified,,,,,,,,,,,,,,,,,,,,,,,,,,,,,,,,,,,,,,,,,,,,,,,,,,,,,,,,,,,,,,,,,,,,,,,,,,,,,,,,,,,,,,,,,,,,,,,,,,,,,,,,,,,,,,,,,,,,,,,,,,,,,,,,,,,The fields on this tab are designed for Serviceability data collection by team SE&OQ. More details please refer to https://wiki.freewheel.tv/pages/viewpage.action?pageId=450573051,I Don't Know,,,,,,,,,,,Database,No,,,10/31/2025 10:53,Fri Oct 31 14:53:56 UTC 2025,,,,,,,,,,,,,,,,,,,,,,,,,,,,,,,Windows 10,,,,,,Hardware break/fix,,,,Not Specified,No,,,,,,,,,,,,,,,,,,,,,,,,,,,,,,,,,,T3,,,,,,,,,,,,,,,,,,,,,,,,,,,,,,,,,,,,,Sat Jul 01 00:00:00 UTC 2017,,Medium,,,,,,,,,No,,,,,,,,,,,,,,,,,,,,,,,,,,,,,,,,,,,,,,,,,https://freewheel.zendesk.com/agent/tickets/258707,,,13/Oct/25 16:45;kgugerty;[~cphuah] is currently engaged with AWS AppStream Support actively troubleshooting the issue.;;;,13/Oct/25 17:04;ahoskins;Workaround solution has been provided to customers while Chen continues to work with AWS on full resolution. At the current time only 10 users are being effected.;;;,"13/Oct/25 17:11;astefanov;Update from [~cphuah]:
- Issue is on AWS side with certificate threshold we weren't aware was in place
- Working with AWS personnel to increase threshold and resolve the issue

Meanwhile:
- Regular (non-SSO) users: they currently login using Active Directory (AD) password. The AWS issue results in a secondary login screen where they can retype their AD credentials and proceed.
- SSO users: we'll need to generate a new AD password and send it to them so they can use the workaround above.;;;","13/Oct/25 17:46;astefanov;[~cphuah] provided update: ""_It is fixed now - Please test it. Thx!_""

Multiple internal users are able to login with trainer and test accounts without the secondary prompt.;;;","14/Oct/25 01:38;jmurphy;[~cphuah] [~astefanov] Please add more detail to what the ""certificate threshold"" is and pertains to.  Also - was there a reason why this threshold was just exceeded or did something change that contributed to exceeding this?;;;","14/Oct/25 11:39;astefanov;[~cphuah], could you provide more info on the root cause?

Was the limit in number of certificates registered or IdPs integrated with; if so, did it stop working for all or just OneLogin; and why did it start happening in the afternoon but was OK in the morning?

Or was it a limit in number authentication requests made; if so, what was different yesterday (a lighter day because of Columbus day and schools being off and some parents being off as well) than any other day?;;;","14/Oct/25 12:47;kgugerty;[~astefanov] [~jmurphy] 

AWS has an account lifetime cap of 1 million certificate requests.  This is for the entire 248790300697 [aws-strata-prd@freewheel.com|mailto:aws-strata-prd@freewheel.com] account, not just the App Stream Service.  When an account reaches that limit the certificates are denied which resulted in the error messages the clients were receiving. 

The cap can be raised upon request ( now set to 2 million, which should carry us for about 18 months).  

We were previously unaware of this cap.  

There is a case escalated with AWS for a query / report so we can monitor this threshold and receive notifications when we are again approaching the limit.

cc [~cphuah]  please correct if I misunderstood any of the above info.;;;","17/Oct/25 11:41;astefanov;The following link was provided in a Teams meeting: https://docs.aws.amazon.com/acm/latest/userguide/acm-limits.html. It specifically lists (last row in table ""The following general service quotas apply to your AWS account when using ACM""):
Number of Private Certificates per CA (lifetime) 	1,000,000;;;","26/Oct/25 14:56;scriptrunner;This ticket has been pending for more than 5 days without updates. 
[~rchambers] please update it and reopen to ENG/OPS if you need further actions. Otherwise it will be automatically closed in 2 days.;;;","28/Oct/25 18:02;astefanov;Per today's RCA call, the limit was actually increased to 5,000,000.;;;"
 STRATA - SBMS SQL Server SQLMBAGSBMSPR23 - The database connection cannot be opened. Please contact your system administrator to verify the Database Connect String setting(s).,ESC-78935,1108952,Investigation,Done,ESC,Escalation,software,mtorres,"Project for all support activities escalated to engineering team.

Please visit [Escalation Wiki|http://wiki.dev.fwmrm.net/display/JIRADOC/Escalations+-+ESC] for more information.
Please follow [Engineering Guidance|http://wiki.dev.fwmrm.net/display/JIRADOC/ENG+Guidance+to+Handle+Escalation+Tickets] for ticket processing from Engineering side
",https://jira.freewheel.tv/browse/ESC/,MAJOR - P2,Fixed,OPSfwaTechOps,tstrege,tstrege,4/18/2025 10:39,6/12/2025 10:12,4/14/2026 1:27,4/18/2025 14:48,,,,0,OPS-2022,OPS-2025,OPS-FWAOPS,"[https://freewheel.zendesk.com/agent/tickets/232770]

 

Menard Inc is reporting that they are getting ""The database connection cannot be opened. Please contact your system administrator to verify the Database Connect String setting(s)."" They are getting this when launching SBMS. I am able to replicate in the trainer account.Their SQL server is SQLMBAGSBMSPR23\I17

 

Both Anson (4806) SQLMBAGSBMSPR23\I13
and The St. Gregory Group (3389) SQLMBAGSBMSPR23\I14
have reported the same problem now. Samer server SQLMBAGSBMSPR23

 

!image-2025-04-18-08-48-11-767.png!",,jmurphy,sthalapally,tstrege,,,,,,,,,,,,,,FWS-56283,,OPS-223504,,,18/Apr/25 10:39;tstrege;image-2025-04-18-08-48-11-767.png;https://jira.freewheel.tv/secure/attachment/527864/image-2025-04-18-08-48-11-767.png,,,,,,,,,,,,,,,,,,,,,,,,,,,,,,,,,,,,,,,,,,,,,,,,,Quarterly Access Review,,,,,,,,,,,,,,,Not Specified,,,,,,,,,,<a href='https://freewheel.aha.io/features/'></a>,,,,,,,,,,,,,,,,,,,,,,,,,,,,,ESC-78935,,,,,,,,,,,,,,,,,,,,,,,,,,,,,,,,,,,,,,,,,,,,,,,,,,,,,,,,,New,,,,,,,,,,,,,,,,SQLChange,,,,,,,,,,,,Standard,,,,,,,,,,,,,,,,,MRM Only,,,,Strata Client,,,,,,,,,,,,,,,,,,,,,No,,,,0,,,,,,,No,,,,,,,,,,,,,,,,,,,,,,,,,,,,,,,,,Not Started - White,,,,,,,,,,,,,,,,,,,,,,,,,,,,,,,,,,Permanent,,,,,,,,,,,,,,,,,,,,nobody,,Tech Ops,,,,PROD,,,,,,,Internal Escalation,,,,,,,,,,,,,,,,,,,,,,,,,,,,,,,,,None,,,,,,,,,0,,,,,,,,,,,,,,,,,,,None Specified,,,,,,,,,,,,,,,,,,,,,,,,,,,,,Internal - ENG,,,,,,,,,,,Low,Cost,,,,,,TBD,,,Equipments(Machines & Software),No change,,FreeWheel,,Minor Incident,https://freewheel.slack.com/archives/C027SGR429H/p1744989173476939?thread_ts=1744987747.352739&cid=C027SGR429H,Stability,,,,,,,,,,,,,,,,,,,,,,,,,,,,,,,,,,,,,,,,,,,,,,,,,,,,,,,,,,,1,Fri Apr 18 18:48:49 UTC 2025,"Required for P1/P2 issues, full description of the current status.",,,,,,,,No,,,,,,,,,,,,,,,,,,,,,,,,,,,,,,,,,,,,,New Build,,,,,,,,,,,,,,,,,,,CentOS 7,,,,No,,,,,,,,,,,,,,,,,,,,,,,,,,,,,,,,,,,,,,,,,,0,,,,,,,,LegacyStrata,,,,,,,,,,Not Specified,,No,,STRATA AGENCY: OneStrata,,Open,,,,,,,,,,,,,,,,,,,,,,,,,,Not Started,,,,,,,,nobody,,,,,,,,,,,,,Please provide overall impact and impact by client if needed.,"||Remediation Category||Remediation DESC||Owner||ECD(Estimated Completion Date)||Tickets Associated||
| | | | | |",Please provide issue resolution.,Please provide detailed root causes.,Please provide issue brief.,"*Description:*

*Impact:*

*Root Cause:*

*Resolution:*

*Preventative Measures:*",,,,,1|i37xyc:,9.22337E+18,,,,,,,,,,,,,,,,,,,,,,,,,,,,,,,,,,,,,,,,Not Specified,,,,,,,,,,,,,,,,,,,,,,,,,,,,,,,,,,,,,,,,,,,,,,,,,,,,,,,,,,,,,,,,,,,,,,,,,,,,,,,,,,,,,,,,,,,,,,,,,,,,,,,,,,,,,,,,,,,,,,,,,,,,,,,,,,,This tab is designed for Serviceability data collection by team SE&OQ.,I Don't Know,,,,,,,,,,,Database,No,,,4/18/2025 14:48,Fri Apr 18 18:48:34 UTC 2025,,,,,,,,,,,,,,,,,,,,,,,,,,,,,,,Windows 10,,,,,,Hardware break/fix,,,,Not Specified,No,,,,,,,,,,,,,,,,,,,,,,,,,,,,,,,,,,,,,,,,,,,,,,,,,,,,,,,,,,,,,,,,,,,,,,,Sat Jul 01 00:00:00 UTC 2017,,Medium,,,,,,,,,No,,,,,,,,,,,,,,,,,,,,,,,,,,,,,,,,,,,,,,,,,,,,18/Apr/25 10:42;sthalapally;An OPS ticket exists for this ticket. Assigning ticket to TechOps.;;;,18/Apr/25 10:51;jmurphy;DBA and Strata Tech Ops teams are engaged;;;,18/Apr/25 10:54;tstrege;[~vfava] [~kyasa] Both Anson (4806) and The St. Gregory Group 3389 have reported the same problem now. Samer server SQLMBAGSBMSPR23;;;,"18/Apr/25 14:41;tstrege;Keith GugertyKeith Gugerty  [1:35 PM|https://freewheel.slack.com/archives/C08NWKW9QRJ/p1745001319621969]
Root cause - Windows Updates for SQL Servers fails on automated install.  When this fails the logs produced are about 700MB in size.  This was paused after the last round of windows updates, but the pause expired and the updates resumed.
there is a current open case with Microsoft to investigate this failure.
Nagios Drive alerting for the system drive has automation in place to catch it at 10 GB, then kick off automation to clean up temp files to clear the alert.SQL Server specific monitoring has been setup to alert instead of kick off the automation.Separate automation has been setup to clear out older log files in the directory where they accumulate.;;;","18/Apr/25 14:42;tstrege;Keith Gugerty  [1:35 PM|https://freewheel.slack.com/archives/C08NWKW9QRJ/p1745001319621969]
Root cause - Windows Updates for SQL Servers fails on automated install.  When this fails the logs produced are about 700MB in size.  This was paused after the last round of windows updates, but the pause expired and the updates resumed.
there is a current open case with Microsoft to investigate this failure.
Nagios Drive alerting for the system drive has automation in place to catch it at 10 GB, then kick off automation to clean up temp files to clear the alert.SQL Server specific monitoring has been setup to alert instead of kick off the automation.Separate automation has been setup to clear out older log files in the directory where they accumulate.;;;","18/Apr/25 14:48;jmurphy;From [~tstrege]
First client report was at 8:21am. Zendesk ticket escalated to CS3 at 8:33am;;;",18/Apr/25 14:48;jmurphy;Resolved as of 11:07a CT;;;,,,
Create alias to shared Mailbox data.setup@freewheel.com,ESC-89061,1251845,Investigation,Done,ESC,Escalation,software,mtorres,"Project for all support activities escalated to engineering team.

Please visit [Escalation Wiki|http://wiki.dev.fwmrm.net/display/JIRADOC/Escalations+-+ESC] for more information.
Please follow [Engineering Guidance|http://wiki.dev.fwmrm.net/display/JIRADOC/ENG+Guidance+to+Handle+Escalation+Tickets] for ticket processing from Engineering side
",https://jira.freewheel.tv/browse/ESC/,NORMAL - P3,Fixed,OPSfwaTechOps,flarose,flarose,12/16/2025 12:07,2/3/2026 11:48,4/14/2026 1:27,2/3/2026 11:48,,,,0,,,,"Can you create a new alias to shared mailbox 
+data.setup@freewheel.com+ for DAN FR (Dentsu France) META integration  :

*dan.fr.meta@freewheel.com*

 

Thanks",,flarose,jmurphy,,,,,,,,,,,,,,,,,CIT-54151,,,,,,,,,,,,,,,,,,,,,,,,,,,,,,,,,,,,,,,,,,,,,,,,,,,,Quarterly Access Review,,,,,,,,,,,,,,,Not Specified,,,,,,,,,,<a href='https://freewheel.aha.io/features/'></a>,,,,,,,,,,,,,,,,,,,,,,,,,,,,,ESC-89061,,,,,,,,,,,,,,,,,,,,,,,,,,,,,,,,,,,,,,,,,,,,,,,"""As a [type of user],
I need [what the user wants to do],
so that [why the user wants to do it / the benefit].""",,,,,,,,,,New,,,,,,,,,,,,,,,,,,,,,,,,,,,,Standard,,,,,,,,,,,,,,,,,MRM Only,,,,ALL,,,,,,,,,,,,,,,,,,,,,No,,,,0,,,,,,,No,,,,,,,,,,,,,,,,,,,,,,,,,,,,,,,,,Not Started - White,,,,,,,,,,,,,,,,,,,,,,,,,,,,,,,,,,Permanent,,,None,,,,,,,,,,,,,,,,,eas,,,,,,,,,,,,,Internal Escalation,,,,,,,,,,,,,,,,,,,,,,,,,,,,,,,,,None,,,,,,,,,0,,,,,,,,,,,,,Strata,,,,,,None Specified,,,,,,,,,,,,,,,,,,,,,,,,,,,,,Internal - ENG,,,,,,,,,,,Low,Cost,,,,,,TBD,,,,,,,,Minor Incident,,,,,,,,,,,,,,,,,,,,,,,,,,,,,,,,,,,,,,,,,,,,,,,,,,,,,,,,,,,,,1,Tue Feb 03 16:48:46 UTC 2026,"Required for P1/P2 issues, full description of the current status.",,,,,,,,No,,,,,,,,,,,,,,,,,,,,,,,,,,,,,,,,,,,,,New Build,,,,,,,,,,,,,,,PARIS,,,,Amazon Linux,,,,No,,,,,,,,,,,,,,,,,,,,,,,,,,,,,,,,,,,,,,,,,,0,,,,,,,,,,,,,,,,,,Not Specified,,TBD,,,,Open,,,,,,,,,,,,,,,,,,,,,,,,,,Not Started,,,,,,,,nobody,,,,,,,,,,,,,Please provide overall impact and impact by client if needed.,"||Remediation Category||Remediation DESC||Owner||ECD(Estimated Completion Date)||Tickets Associated||
| | | | | |",Please provide issue resolution.,Please provide detailed root causes.,Please provide issue brief.,,,,,,1|i3vzga:,9.22337E+18,,,,,,,,,,,,,,,,,,,,,,,,,,,,,,,,,,,,,,,,Not Specified,,,,,,,,,,,,,,,,,,,,,,,,,,,,,,,,,,,,,,,,,,,,,,,,,,,,,,,,,,,,,,,,,,,,,,,,,,,,,,,,,,,,,,,,,,,,,,,,,,,,,,,,,,,,,,,,,,,,,,,,,,,,,,,,,,,The fields on this tab are designed for Serviceability data collection by team SE&OQ. More details please refer to https://wiki.freewheel.tv/pages/viewpage.action?pageId=450573051,I Don't Know,,,,,,,,,,,Database,No,,,2/3/2026 11:48,Tue Feb 03 16:48:46 UTC 2026,,,,,,,,,,,,,,,,,,,,,,,,,,,,,,,Windows 10,,,,,,Hardware break/fix,,,,Not Specified,No,,,,,,,,,,,,,,,,,,,,,,,,,,,,,,,,,,T3,,,,,,,,,,,,,,,,,,,,,,,,,,,,,,,,,,,,,Sat Jul 01 00:00:00 UTC 2017,,Medium,,,,,,,,,No,,,,,,,,,,,,,,,,,,,,,,,,,,,,,,,,,,,,,,,,,,,,03/Feb/26 11:48;jmurphy;The specified changes have been made to this shared mailbox on 12/4/2025. The address dan.fr.ias@freewheel.com is setup as a secondary alias. Please allow up to 24-48 hours for these changes to propagate.;;;,,,,,,,,,
Trying to restore the most up to date version of my buy,ESC-77770,1093593,Investigation,Done,ESC,Escalation,software,mtorres,"Project for all support activities escalated to engineering team.

Please visit [Escalation Wiki|http://wiki.dev.fwmrm.net/display/JIRADOC/Escalations+-+ESC] for more information.
Please follow [Engineering Guidance|http://wiki.dev.fwmrm.net/display/JIRADOC/ENG+Guidance+to+Handle+Escalation+Tickets] for ticket processing from Engineering side
",https://jira.freewheel.tv/browse/ESC/,NORMAL - P3,Fixed,OPSfwaTechOps,jpham,jpham,3/25/2025 14:24,3/26/2025 10:45,4/14/2026 1:27,3/26/2025 10:45,,,,0,,,,"TO REQUESTOR: A user at Walz Tetrick Advertising is looking for a backup copy of her campaign in VIEW from yesterday, 3/24/2025, after 12 PM. The user located a backup file from 12 PM, but would like a newer copy of this file from the same day, if possible.

Network ID: 1763

Summary of the issue report (symptom):

Provided and collected diagnostic information:

MRM/RPM URL:

Live Page/App URL:

Initial investigation results:

Required actions from Engineers (if any): Please check and restore the campaign file named '25 HRB 2Q Gainsville.cp0' that was saved under S:\STRATA\VIEW32\USERS\KPETERSON5\HARD ROCK BET\2025 from yesterday, 3/24/2025, after 12 PM. Let me know if you have any questions.

 

 ",,astefanov,jpham,RShimelfarb,,,,,,,,,,,,,,FWS-55580,OPS-220713,,,,,,,,,,,,,,,,,,,,,,,,,,,,,,,,,,,,,,,,,,,,,,,,,,,,,Quarterly Access Review,,,,,,,,,,,,,,,Not Specified,,,,,,,,,,<a href='https://freewheel.aha.io/features/'></a>,,,,,,,,,,,,,,,,,,,,,,,,,,,,,ESC-77770,,,,,,,,,,,,,,,,,,,,,,,,,,,,,,,,,,,,,,,,,,,,,,,,,,,,,,,,,New,,,,,,,,,,,,,,,,,,,,,,,,,,,,Standard,,,,,,,,,,,,,,,,,MRM Only,,,,Strata Client,,,,,,,,,,,,,,,,,,,,,No,,,,0,,,,,,,No,,,,,,,,,,,,,,,,,,,,,,,,,,,,,,,,,Not Started - White,,,,,,,,,,,,,,,,,,,,,,,,,,,,,,,,,,Permanent,,,,,,,,,,,,,,,,,,,,nobody,,,,,,,,,,,,,Internal Escalation,,,,,,,,,,,,,,,,,,,,,,,,,,,,,,,,,None,,,,,,,,,0,,,,,,,,,,,,,,,,,,,None Specified,,,,,,,,,,,,,,,,,,,,,,,,,,,,,Internal - ENG,,,,,,,,,,,Low,Cost,,,,,,TBD,,,,,,,,Minor Incident,,,,,,,,,,,,,,,,,,,,,,,,,,,,,,,,,,,,,,,,,,,,,,,,,,,,,,,,,,,,,1,Wed Mar 26 14:45:01 UTC 2025,"Required for P1/P2 issues, full description of the current status.",,,,,,,,No,,,,,,,,,,,,,,,,,,,,,,,,,,,,,,,,,,,,,New Build,,,,,,,,,,,,,,,,,,,Amazon Linux,,,,No,,,,,,,,,,,,,,,,,,,,,,,,,,,,,,,,,,,,,,,,,,0,,,,,,,,,,,,,,,,,,Not Specified,,TBD,,,,Open,,,,,,,,,,,,,,,,,,,,,,,,,,Not Started,,,,,,,,nobody,,,,,,,,,,,,,Please provide overall impact and impact by client if needed.,"||Remediation Category||Remediation DESC||Owner||ECD(Estimated Completion Date)||Tickets Associated||
| | | | | |",Please provide issue resolution.,Please provide detailed root causes.,Please provide issue brief.,,,,,,1|i35cxg:,9.22337E+18,,,,,,,,,,,,,,,,,,,,,,,,,,,,,,,,,,,,,,,,Not Specified,,,,,,,,,,,,,,,,,,,,,,,,,,,,,,,,,,,,,,,,,,,,,,,,,,,,,,,,,,,,,,,,,,,,,,,,,,,,,,,,,,,,,,,,,,,,,,,,,,,,,,,,,,,,,,,,,,,,,,,,,,,,,,,,,,,This tab is designed for Serviceability data collection by team SE&OQ.,I Don't Know,,,,,,,,,,,Database,No,,,3/26/2025 10:45,Wed Mar 26 14:45:01 UTC 2025,,,,,,,,,,,,,,,,,,,,,,,,,,,,,,,Windows 10,,,,,,Hardware break/fix,,,,Not Specified,No,,,,,,,,,,,,,,,,,,,,,,,,,,,,,,,,,,,,,,,,,,,,,,,,,,,,,,,,,,,,,,,,,,,,,,,Sat Jul 01 00:00:00 UTC 2017,,Medium,,,,,,,,,No,,,,,,,,,,,,,,,,,,,,,,,,,,,,,,,,,,,,,,,,,https://freewheel.zendesk.com/agent/#/tickets/228605,,,"25/Mar/25 15:39;RShimelfarb;[~jpham] , is there a problem with opening the '{*}25 HRB 2Q Gainsville.cp0{*}' file that was saved under S:\STRATA\VIEW32\USERS\KPETERSON5\HARD ROCK BET\2025 from yesterday, 3/24/2025, after 12 PM? If so, please attach this file to the ticket so that engineers can troubleshoot.

Thank you.;;;","25/Mar/25 16:17;jpham;[~RShimelfarb] I think this may have been assigned to the wrong team. The issue isn't with the program or the campaign file. The buyer is looking to restore a backup file of this campaign from yesterday. I am going to close this ticket so I can create a new one in Jira directly to go to the correct group. Sorry for any inconvenience, and thank you for looking and responding.;;;","25/Mar/25 16:20;jpham;I apologize, [~RShimelfarb], but it looks like I am unable to close this ticket since it is not an option for me.  Can you please close it for me? I've cloned the case and created a new one to go to the correct group. Please let me know if you have any questions and thanks again for your help!;;;","25/Mar/25 17:46;astefanov;Closed based on the comments, but since there is OPS ticket attached to this ESC and the OPS ticket isn't done yet, I'll reopen the ESC ticket so it can track the OPS status.;;;",,,,,,
"Icon International, Inc Prod - 1789: Request to upgrade SBMS to 25.1 in Prod",ESC-80322,1131099,Investigation,Done,ESC,Escalation,software,mtorres,"Project for all support activities escalated to engineering team.

Please visit [Escalation Wiki|http://wiki.dev.fwmrm.net/display/JIRADOC/Escalations+-+ESC] for more information.
Please follow [Engineering Guidance|http://wiki.dev.fwmrm.net/display/JIRADOC/ENG+Guidance+to+Handle+Escalation+Tickets] for ticket processing from Engineering side
",https://jira.freewheel.tv/browse/ESC/,NORMAL - P3,Fixed,OPSfwaTechOps,ssalas,ssalas,5/21/2025 14:35,5/22/2025 20:28,4/14/2026 1:27,5/22/2025 20:28,,,,0,,,,"Gary Zerella is placing a request to have the agency's SBMS upgraded to version 25.1 in their production environment (Icon International, Inc Prod - 1789) along with Group 2 on 5/31/2025. Icon is in upgrade Group 5 but Gary would like to have the upgrade scheduled along with upgrade Group 2. The agency's server is SQLV6\I1 and domain is 1789B.gotostrata.com. Can we schedule this upgrade for Icon on this date? ",,cphuah,ssalas,,,,,,,,,,,,,,,OPS-227167,,,,,,,,,,,,,,,,,,,,,,,,,,,,,,,,,,,,,,,,,,,,,,,,,,,,,,Quarterly Access Review,,,,,,,,,,,,,,,Not Specified,,,,,,,,,,<a href='https://freewheel.aha.io/features/'></a>,,,,,,,,,,,,,,,,,,,,,,,,,,,,,ESC-80322,,,,,,,,,,,,,,,,,,,,,,,,,,,,,,,,,,,,,,,,,,,,,,,,,,,,,,,,,New,,,,,,,,,,,,,,,,,,,,,,,,,,,,Standard,,,,,,,,,,,,,,,,,MRM Only,,,,Strata Client,,,,,,,,,,,,,,,,,,,,,No,,,,0,,,,,,,No,,,,,,,,,,,,,,,,,,,,,,,,,,,,,,,,,Not Started - White,,,,,,,,,,,,,,,,,,,,,,,,,,,,,,,,,,Permanent,,,,,,,,,,,,,,,,,,,,nobody,,,,,,,,,,,,,Internal Escalation,,,,,,,,,,,,,,,,,,,,,,,,,,,,,,,,,None,,,,,,,,,0,,,,,,,,,,,,,Strata,,,,,,None Specified,,,,,,,,,,,,,,,,,,,,,,,,,,,,,Internal - ENG,,,,,,,,,,,Low,Cost,,,,,,TBD,,,,,,,,Minor Incident,,,,,,,,,,,,,,,,,,,,,,,,,,,,,,,,,,,,,,,,,,,,,,,,,,,,,,,,,,,,,1,Fri May 23 00:28:04 UTC 2025,"Required for P1/P2 issues, full description of the current status.",,,,,,,,No,,,,,,,,,,,,,,,,,,,,,,,,,,,,,,,,,,,,,New Build,,,,,,,,,,,,,,,,,,,Amazon Linux,,,,No,cphuah,,,,,,,,,,,,,,,,,,,,,,,,,,,,,,,,,,,,,,,,,0,,,,,,,,,,,,,,,,,,Not Specified,,TBD,,,,Open,,,,,,,,,,,,,,,,,,,,,,,,,,Not Started,,,,,,,,nobody,,,,,,,,,,,,,Please provide overall impact and impact by client if needed.,"||Remediation Category||Remediation DESC||Owner||ECD(Estimated Completion Date)||Tickets Associated||
| | | | | |",Please provide issue resolution.,Please provide detailed root causes.,Please provide issue brief.,,,,,,1|i3bmf6:,9.22337E+18,,,,,,,,,,,,,,,,,,,,,,,,,,,,,,,,,,,,,,,,Not Specified,,,,,,,,,,,,,,,,,,,,,,,,,,,,,,,,,,,,,,,,,,,,,,,,,,,,,,,,,,,,,,,,,,,,,,,,,,,,,,,,,,,,,,,,,,,,,,,,,,,,,,,,,,,,,,,,,,,,,,,,,,,,,,,,,,,This tab is designed for Serviceability data collection by team SE&OQ.,I Don't Know,,,,,,,,,,,Database,No,,,5/22/2025 20:28,Fri May 23 00:28:04 UTC 2025,,,,,,,,,,,,,,,,,,,,,,,,,,,,,,,Windows 10,,,,,,Hardware break/fix,,,,Not Specified,No,,,,,,,,,,,,,,,,,,,,,,,,,,,,,,,,,,,,,,,,,,,,,,,,,,,,,,,,,,,,,,,,,,,,,,,Sat Jul 01 00:00:00 UTC 2017,,Medium,,,,,,,,,No,,,,,,,,,,,,,,,,,,,,,,,,,,,,,,,,,,,,,,,,,https://freewheel.zendesk.com/agent/#/tickets/237574,,,22/May/25 20:27;cphuah;Scheduled on 5/31/25 - OPS-227167;;;,,,,,,,,,
Request to monitor HMI SQL server,ESC-79408,1116226,Investigation,Done,ESC,Escalation,software,mtorres,"Project for all support activities escalated to engineering team.

Please visit [Escalation Wiki|http://wiki.dev.fwmrm.net/display/JIRADOC/Escalations+-+ESC] for more information.
Please follow [Engineering Guidance|http://wiki.dev.fwmrm.net/display/JIRADOC/ENG+Guidance+to+Handle+Escalation+Tickets] for ticket processing from Engineering side
",https://jira.freewheel.tv/browse/ESC/,NORMAL - P3,Fixed,OPSfwaTechOps,ssalas,hschmeckpeper,4/29/2025 13:27,5/15/2025 21:46,4/14/2026 1:27,5/15/2025 21:46,,,,0,,,,"Horizon Media (860) needs help pinpointing performance issues that seem to be local to Brandon Clark and his team. Franklin would like to know if we can monitor and provide reports on the Horizon SQL server for several days? Ideally, we'd like to see performance for Brandon Clark or his session ID from 4/24-5/7. 

 

If we cannot filter to a specific personal, all user data works as well. Are you able to provide me the reporting every 24/48 hours?",,astefanov,cphuah,hschmeckpeper,ssalas,,,,,,,,,,,,,OPS-224886,,ESC-79229,FWS-56469,OPS-220345,08/May/25 11:14;ssalas;Invoice Status error 1.jpg;https://jira.freewheel.tv/secure/attachment/532451/Invoice+Status+error+1.jpg,08/May/25 11:16;ssalas;Invoice Status error 2.jpg;https://jira.freewheel.tv/secure/attachment/532455/Invoice+Status+error+2.jpg,,,,,,,,,,,,,,,,,,,,,,,,,,,,,,,,,,,,,,,,,,,,,,,,Quarterly Access Review,,,,,,,,,,,,,,,Not Specified,,,,,,,,,,<a href='https://freewheel.aha.io/features/'></a>,,,,,,,,,,,,,,,,,,,,,,,,,,,,,ESC-79408,,,,,,,,,,,,,,,,,,,,,,,,,,,,,,,,,,,,,,,,,,,,,,,,,,,,,,,,,New,,,,,,,,,,,,,,,,,,,,,,,,,,,,Standard,,,,,,,,,,,,,,,,,MRM Only,,,,Strata Client,,,,,,,,,,,,,,,,,,,,,No,,,,0,,,,,,,No,,,,,,,,,,,,,,,,,,,,,,,,,,,,,,,,,Not Started - White,,,,,,,,,,,,,,,,,,,,,,,,,,,,,,,,,,Permanent,,,,,,,,,,,,,,,,,,,,vfava,,,,,,,,,,,,,Internal Escalation,,,,,,,,,,,,,,,,,,,,,,,,,,,,,,,,,None,,,,,,,,,0,,,,,,,,,,,,,,,,,,,None Specified,,,,,,,,,,,,,,,,,,,,,,,,,,,,,Internal - ENG,,,,,,,,,,,Low,Cost,,,,,,TBD,,,,,,,,Minor Incident,,,,,,,,,,,,,,,,,,,,,,,,,,,,,,,,,,,,,,,,,,,,,,,,,,,,,,,,,,,,,1,Fri May 16 01:46:47 UTC 2025,"Required for P1/P2 issues, full description of the current status.",,,,,,,,No,,,,,,,,,,,,,,,,,,,,,,,,,,,,,,,,,,,,,New Build,,,,,,,,,,,,,,,,,,,Amazon Linux,,,,No,cphuah,,,,,,,,,,,,,,,,,,,,,,,,,,,,,,,,,,,,,,,,,0,,,,,,,,,,,,,,,,,,Not Specified,,TBD,,,,Open,,,,,,,,,,,,,,,,,,,,,,,,,,Not Started,,,,,,,,nobody,,,,,,,,,,,,,Please provide overall impact and impact by client if needed.,"||Remediation Category||Remediation DESC||Owner||ECD(Estimated Completion Date)||Tickets Associated||
| | | | | |",Please provide issue resolution.,Please provide detailed root causes.,Please provide issue brief.,,,,,,1|i394be:,9.22337E+18,,,,,,,,,,,,,,,,,,,,,,,,,,,,,,,,,,,,,,,,Not Specified,,,,,,,,,,,,,,,,,,,,,,,,,,,,,,,,,,,,,,,,,,,,,,,,,,,,,,,,,,,,,,,,,,,,,,,,,,,,,,,,,,,,,,,,,,,,,,,,,,,,,,,,,,,,,,,,,,,,,,,,,,,,,,,,,,,The fields on this tab are designed for Serviceability data collection by team SE&OQ. More details please refer to https://wiki.freewheel.tv/pages/viewpage.action?pageId=450573051,I Don't Know,,,,,,,,,,,Database,No,,,5/15/2025 21:46,Fri May 16 01:46:47 UTC 2025,,,,,,,,,,,,,,,,,,,,,,,,,,,,,,,Windows 10,,,,,,Hardware break/fix,,,,Not Specified,No,,,,,,,,,,,,,,,,,,,,,,,,,,,,,,,,,,T3,,,,,,,,,,,,,,,,,,,,,,,,,,,,,,,,,,,,,Sat Jul 01 00:00:00 UTC 2017,,Medium,,,,,,,,,No,,,,,,,,,,,,,,,,,,,,,,,,,,,,,,,,,,,,,,,,,https://freewheel.zendesk.com/agent/#/tickets/233623,,,"29/Apr/25 14:04;cphuah;The SQL trace and DPA have been setup by the DBA, and and we will be monitoring it this week.;;;",29/Apr/25 18:35;ssalas;[~cphuah] Gerald Foston noted that Martha Carpio under username mcarpio has been stuck clearing invoices in SBMS since today 4/29/2025 at 4:30PM CST. I see that the agency's DB is being monitored. Please note this occurrence. Thanks.;;;,30/Apr/25 15:25;cphuah;+ [~vfava] and [~kyasa] will look into the sql log.;;;,"07/May/25 15:10;ssalas;/[~vfava] [~kyasa] Gerald Foston noted slowness occurring today Wednesday 5/7/2025 at 12PM EST. Gerald suspects that the clearing of invoices in SBMS might have been the cause of the slowness. He states that the possible users that were clearing invoices at the time would be either Martha Carpio (under username mcarpio) and Annette Johnson (under username annjohnson)

Could you look into the sql log around this time from today?

cc: [~cphuah] ;;;","08/May/25 11:18;ssalas;[~vfava] [~kyasa] Gerald Foston is reporting another occurrence of unexpected behavior from yesterday Wednesday 5/7/2025 at around 8:40PM EST. Jose Rosa (under username jrosa) was clearing invoices in the Invoice Status screen for client name ""Carvana"" for the broadcast month of February 2025 (1/27/2025 - 2/23/2025) in the Spot module. Jose received error ""Invalid operation. The connection is closed.""

!Invoice Status error 1.jpg!

Clicking the ""Continue"" button produced error ""Error in Procedure Form_InvoiceStatus.VerifyRefreshSelectedClearedStatusChange().""
!Invoice Status error 2.jpg!

Moreover, Gerald Foston noted that Naliah Mohammed (under username nmohammed) was also having issues saving draft in the Media Billing module through the Client Billing screen. 

cc: [~cphuah] ;;;","15/May/25 21:46;astefanov;Request was added to OPS-224886 to confirm database maintenance executes successfully, and additionally to fully reindex the database on the weekend (based on the time that takes, some additional coordination with Product and the client may be needed).

Separately, per Chen, there is an active discussion to archive data from the HMI database - currently at 20+ years - and leave only last 7 years. This will require additional work and testing, so it's not a confirmed decision yet.

Either one of those should address performance issues. Closing this ticket. Future performance issues may result in new ESC tickets and we'll follow up on the progress on OPS-224886.;;;",,,,
