Summary,Issue key,Issue id,Issue Type,Status,Project key,Project name,Project type,Project lead,Project description,Project url,Priority,Resolution,Assignee,Reporter,Creator,Created,Updated,Last Viewed,Resolved,Affects Version/s,Fix Version/s,Component/s,Votes,Labels,Labels,Labels,Labels,Labels,Description,Environment,Watchers,Watchers,Watchers,Watchers,Watchers,Watchers,Watchers,Watchers,Watchers,Watchers,Watchers,Log Work,Original Estimate,Remaining Estimate,Time Spent,Work Ratio,Σ Original Estimate,Σ Remaining Estimate,Σ Time Spent,Security Level,Inward issue link (Cloners),Outward issue link (Cloners),Inward issue link (Relate),Outward issue link (Relate),Attachment,Attachment,Attachment,Attachment,Attachment,Attachment,Attachment,Attachment,Attachment,Custom field (% of Ad Request Source from EU),Custom field (% of Ad Request Source from US-EAST),Custom field (% of Ad Request Source from US-EAST-1),Custom field (% of Ad Request Source from US-EAST-2),Custom field (% of Ad Request Source from US-WEST),Custom field (% of Ad Request Source from US-WEST-1),Custom field (% of Ad Request Source from US-WEST-2),Custom field (.NET Framework Version),Custom field (2020 Initiative),Custom field (2021-3 Planned Person Days),Custom field (2021-4 Planned Person Days),Custom field (2021-5 Planned Person Days),Custom field (2021-6 Planned Person Days),Custom field (2022-1 Planned Person Days),Custom field (2022-2 Planned Person Days),Custom field (2022-3 Planned Person Days),Custom field (2022-4 Planned Person Days),Custom field (2022-5 Planned Person Days),Custom field (2022-6 Planned Person Days),Custom field (2023-1 Planned Person Days),Custom field (2023-2 Planned Person Days),Custom field (2023-3 Planned Person Days),Custom field (2023-4 Planned Person Days),Custom field (2023-5 Planned Person Days),Custom field (2023-6 Planned Person Days),Custom field (2024-1 Planned Person Days),Custom field (2024-2 Planned Person Days),Custom field (2024-3 Planned Person Days),Custom field (2024-4 Planned Person Days),Custom field (2024-5 Planned Person Days),Custom field (2024-6 Planned Person Days),Custom field (6.20 Inclusion Details),Custom field (ADS-Biz PPD),Custom field (ADS-Foundation PPD),Custom field (AF Effort),Custom field (AF-ADI PPD),Custom field (AF-Biz PPD),Custom field (AF-MKPL PPD),Custom field (AIM Effort),Custom field (AIM Platform Rank),Custom field (AM Lead),Custom field (APAC Market),Custom field (API Management PPD),Custom field (AWS Accounts),Custom field (AWS Region),Custom field (Acceptance Criteria),Custom field (Acceptance Status),Custom field (Access Review Type),Custom field (Access Type),Custom field (Account Team Contact),Custom field (Accountable Owner),Custom field (Accounts Needed),Custom field (Action Link),Custom field (Actual Development End),Custom field (Actual Development Start),Custom field (Actual End Date),Custom field (Actual Fix Date),Custom field (Actual Person-Day),Custom field (Actual Start Date),Custom field (AdServer Effort),Custom field (Add to DR),Custom field (Additional Cost FW Spent ($)),Custom field (Additional Customers),Custom field (Additional Equipment Needed),Custom field (Additional Info),Custom field (Additional Team),Custom field (Affected Database),Custom field (Affected Environment),Custom field (Affected Team(s) (SalesForce)),Custom field (Agency Name),Custom field (Aha Capability),Custom field (Aha Epic Ranking),Custom field (Aha Feature Link),Custom field (Aha Feature Value),Custom field (Aha Initiative),Custom field (Aha Product Name),Custom field (Aha Product Suite),Custom field (Aha Reference Num),Custom field (Aha Release),Custom field (Aha Release (Sandbox)),Custom field (Algo PPD),Custom field (Analytics PPD),Custom field (App T-Shirt Size),Custom field (App/System),Custom field (App/System Owner),Custom field (Applications Affected),Custom field (Approved Change Review Ticket),Custom field (Approvers),Custom field (Architecture PPD),Custom field (Area),Custom field (Assignee Entity),Custom field (Assignees),Custom field (Audience),Custom field (Audience Manager PPD),Custom field (Audience PPD),Custom field (Audience PV3 PPD),Custom field (Audience Picasso PPD),Custom field (AutoCreateZendeskTicket),Custom field (AutoFillCII1o1),Custom field (AutoFillCII1o2),Custom field (AutoFillClientImpactFactor),Custom field (AutoFillClientType),Custom field (AutoFillEventTime),Custom field (AutoFillFixDate),Custom field (AutoFillPersonDayClear),Custom field (AutoFillPersonDayPTP2),Custom field (AutoFillPersonDayUX),Custom field (AutoFillStartEndDate),Custom field (AutoFillStartEndDateClear),Custom field (Automated Deployment),Custom field (Automation Features in Use),Custom field (Average Ad Decision Time (ms)),Custom field (Average Merge Duration),Custom field (Avg Lines of Code Change),Custom field (BA Assignee),Custom field (BACLI),Custom field (BW - App PPD),Custom field (BW - App Team Effort),Custom field (BW - DPE PPD),Custom field (BW - DPE Team Effort),Custom field (BW - Opt PPD),Custom field (BW - Optimization Team Effort),Custom field (BW - SRE PPD),Custom field (BW - SRE Team Effort),Custom field (BW - Serving PPD),Custom field (BW - Serving Team Effort),Custom field (BW - Support PPD),Custom field (BW - Userdata PPD),Custom field (BW - Userdata Team Effort),Custom field (Backup Requirement),Custom field (Baseline end date),Custom field (Baseline start date),Custom field (Beeline WO),Custom field (Best-Case Estimate (days)),Custom field (Big Panda Incident Link),Custom field (Billing Category),Custom field (Biz UI Advertising PPD),Custom field (Biz UI MKPL-BJ PPD),Custom field (Biz UI Prog US PPD),Custom field (Biz-UI Effort),Custom field (Biz-UI PPD),Custom field (Bleeding stopped time),Custom field (Bug Discovery Method),Custom field (Bug Owner),Custom field (Bug Source),Custom field (Bug Type),Custom field (Bugzilla Id),Custom field (Business Approver),Custom field (Business Justification),Custom field (Business Owner),Custom field (Business Process Concept(s)),Custom field (Business System(s) Impacted),Custom field (Business Value),Custom field (Business/Operations/Technique Concepts),Custom field (CAB),Custom field (CC Users),Custom field (CI Status),Custom field (CLEAR Migration Old Epic Key),Custom field (CS-Change Approval),Custom field (CVSS),Custom field (Cable Partner),Custom field (Campaign Manager PPD),Custom field (Capability End Date),Custom field (Capability Eng Owner),Custom field (Capability HLTD link),Custom field (Capability PM Owner),Custom field (Capability PRD link),Custom field (Capability Rank),Custom field (Capability Start Date),Custom field (Capability Status),Custom field (Capability Type),Custom field (Case ID),Custom field (Case ID*),Custom field (Category),Custom field (Category),Custom field (Certified/Supported Browser(s)),Custom field (Change End),Custom field (Change Result),Custom field (Change Start),Custom field (Change completion date),Custom field (Change managers),Custom field (Change reason),Custom field (Change risk),Custom field (Change start date),Custom field (Change type),Custom field (Change_Reason),Custom field (Class of Service),Custom field (Client),Custom field (Client Assignee),Custom field (Client Billable?),Custom field (Client Engagement Program),Custom field (Client Facing Release Guide:),Custom field (Client Impact (Business)),Custom field (Client Impact (Relationship)),Custom field (Client Impact Index),Custom field (Client Impact Index (v1.1)),Custom field (Client Impact Index (v1.2)),Custom field (Client Inquiry Description),Custom field (Client Inquiry Link),Custom field (Client Order #),Custom field (Client Priority),Custom field (Client Release Requirements),Custom field (Client Rep. Name),Custom field (Client Support Type),Custom field (Client Team),Custom field (Client Ticket #),Custom field (Client Training:),Custom field (Client(s)),Custom field (Clients' agenda),Custom field (Clients' specific Question),Custom field (Clone Existing User?),Custom field (Close Reason),Custom field (Code Coverage %),Custom field (Code Reviewer),Custom field (Code Reviews & Merges),Custom field (Collaborators),Custom field (Command Log),Custom field (CommentAfterEscalation),Custom field (Commercial Milestone),Custom field (Commercial Plan/Brief:),Custom field (Committed Iteration(s)),Custom field (Communication Plan),Custom field (Computer Preference),Custom field (Concept Brief Link),Custom field (Conf Bridge),Custom field (Config/Request Type),Custom field (Consulting ENG),Custom field (Consulting Others),Custom field (Content Switching Needed),Custom field (Continuous Integration),Custom field (Contractor Type),Custom field (CopyRiskLevel),Custom field (CopySyncLogic),Custom field (Core Finance?),Custom field (Corresponding ESC),Custom field (Create KMT ticket for Release Guide inclusion and/or Client documentation),Custom field (Creative Effort),Custom field (Creative PPD),Custom field (Critical for 6.20?),Custom field (Cross-Team Feature),Custom field (Cumulo PPD),Custom field (Current Version),Custom field (Customer Code),Custom field (Customer Drop-Dead Date),Custom field (Customer ID),Customer Request Type,Custom field (Customer Type),Custom field (Customer Type),Custom field (Customers),Custom field (DAL PPD),Custom field (DE PPD),Custom field (DF Effort),Custom field (DMO Effort),Custom field (DMO PPD),Custom field (DPE T-Shirt Size),Custom field (DSP Name),Custom field (DWH PPD),Custom field (Dashboard URL (if any)),Custom field (Data Access Technology),Custom field (Data Infra PPD),Custom field (Data Policy Type (Risk Level)),Custom field (Data Products PPD),Custom field (Data Warehouse PPD),Custom field (Data-MKPL PPD),Custom field (DataApp Effort),Custom field (DataDevOps PPD),Custom field (DataEngBJ PPD),Custom field (DataSuite PPD),Custom field (Database Changes),Custom field (Datacenter),Custom field (Days Interval (Issue Reported vs. Introduced)),Custom field (Definition of Done),Custom field (Delivery Status),Custom field (Department),Custom field (Dependencies/Risks),Custom field (Deploy Ready),Custom field (Deployment End),Custom field (Deployment Start),Custom field (Deployment Success),Custom field (Describe any existing Solutions),Custom field (Describe any potential Solutions),Custom field (Description Client Impact (Business)),Custom field (Description Client Impact (Relationship)),Custom field (Description Impacted Tent Pole Live Event),Custom field (Description of current controls and mitigating controls),Custom field (Design Due Date),Custom field (Design Eng PPD),Custom field (Design Status),Custom field (Destination Host),Custom field (Details),Custom field (Detection Level),Custom field (Dev % Complete),Custom field (Dev Notes),Custom field (Dev Plan),Custom field (DevOps Components),Custom field (Developer),Custom field (Developer Version Log Entry),Custom field (Developers),Custom field (Discovered By),Custom field (Disk Storage Requirements),Custom field (Distribution Lists),Custom field (Division),Custom field (Documentation Request),Custom field (Documentation Required For Release Readiness),Custom field (Documents Loaded),Custom field (Dollar Impact (if applicable)),Custom field (Duration),Custom field (E2E Report URL),Custom field (EAS Applications),Custom field (ENG Feedback),Custom field (ENG Release Notes),Custom field (ENG Release Notes Owner),Custom field (ENG-Scrum-Team),Custom field (EP PPD),Custom field (ESC Bleeding Stopped Time),Custom field (ESC Priority First Upgrade Time),Custom field (ESC Raised Cause),Custom field (ETL PPD),Custom field (Edge PPD),Custom field (Effort),Custom field (Email - Request Type),Custom field (Employee Name),Custom field (Employee Type),Custom field (End Date),Custom field (End User Impact/Benefit),Custom field (End date),Custom field (Eng Assignees),Custom field (Eng Owner),Custom field (Engineering Team),Custom field (Enhancement to existing product or new initiative),Custom field (Entity Domain),Custom field (Entity Name),Custom field (Environment),Custom field (Environment Category),Custom field (Environments),Custom field (Epic Link),Custom field (Epic Ranking),Custom field (Equipment/Product),Custom field (Escalation / Follow up),Custom field (Escalation Type),Custom field (Estimated # of Resources),Custom field (Estimated CapEx),Custom field (Estimated Capacity - # Impressions / Month),Custom field (Estimated Capacity - # Videos Ingested (Initial)),Custom field (Estimated Capacity - # Videos Ingested (Month Post Launch)),Custom field (Estimated Close Date),Custom field (Estimated Development End),Custom field (Estimated Development Start),Custom field (Estimated Hours),Custom field (Estimated Person-Day),Custom field (Estimated SP),Custom field (Estimated Timing (if on Roadmap)),Custom field (Event End Time),Custom field (Event Start Time),Custom field (Event Time),Custom field (Event Window End Time),Custom field (Event Window Start Time),Custom field (ExState),Custom field (Execution Start Date),Custom field (Expected System Load),Custom field (Expedited),Custom field (Extended Client Preview Target(s)),Custom field (External Client),Custom field (External Comms),Custom field (External issue ID),Custom field (External_ID),Custom field (FW Project),Custom field (FWA Acceptance Criteria),Custom field (FWA Bug Discovery Method),Custom field (FWA Case ID),Custom field (FWA Category),Custom field (FWA Department),Custom field (FWA Request Type),Custom field (FWA Source),Custom field (Failure reason),Custom field (Falcon/MPX Build),Custom field (Feature Impact),Custom field (Feature What),Custom field (Feature Why),Custom field (Feature or IS?),Custom field (Field Check),Custom field (FillChangeStartEndTime),Custom field (Finance Business Support Type),Custom field (Finance Technical Support Type),Custom field (Fiscal year),Custom field (Fishbone Issue),Custom field (Fishbone Root Cause),Custom field (Fix Branches),Custom field (Fix Date),Custom field (Fix Type),Custom field (Flagged),Custom field (Flagged Issue),Custom field (Forum Link),Custom field (Found Phase),Custom field (FreeWheel Platform),Custom field (Functional Design Deadline),Custom field (Functional Design URL_),Custom field (Functional Grouping),Custom field (GBI Request Type),Custom field (GM Epic #),Custom field (Gender),Custom field (Go-to-Market Phase),Custom field (Goes By),Custom field (GroupM Environment),Custom field (GroupM Market),Custom field (GroupM Market (Deprecated)),Custom field (Groups),Custom field (HS-Client),Custom field (HS-Data Eng PPD),Custom field (HS-OneConnect PPD),Custom field (HS-OneSuite PPD),Custom field (HS-SOS Eng PPD),Custom field (Hack Theme),Custom field (Happened Before),Custom field (Has Manager Approved),Custom field (Has Production Impact?),Custom field (Health),Custom field (High Sensitivity Change),Custom field (Hiring Manager),Custom field (Hiring Source),Custom field (Hostname(s)),Custom field (Hotfix Date),Custom field (How are clients dealing with this issue/blocker?),"Custom field (How do you plan to reduce CII1.2? (What, Why, and How We Achieve Stability))",Custom field (How will solving this problem benefit FreeWheel?),Custom field (How will solving this problem benefit our clients?),Custom field (How will this impact the product or customer experience?),Custom field (Hub Documentation:),Custom field (I've done my work),Custom field (INK Source),Custom field (IP Address(es)),Custom field (IRT #),Custom field (Idea Forum URL),Custom field (Idea Forum Votes at Time of Vetting),Custom field (Identity Network PPD),Custom field (Identity PPD),Custom field (Identity Service PPD),"Custom field (If an unexpected issue happened, which range (Red, Amber, Green) would the CII1.2 fall into? (Measuring Progress using Incident Severity))",Custom field (Immediately Preventable),Custom field (Impact),Custom field (Impact),Custom field (Impact Category),Custom field (Impact Category(Other)),Custom field (Impact PPD),Custom field (Impact Value),Custom field (Impact of not resolving the problem),Custom field (Impacted Platform),Custom field (Impacted Tent Pole Live Event),Custom field (Implementation Go-Live Date),Custom field (In Future SalesForce Release),Custom field (Incident Cause Category),Custom field (Incident Caused During),Custom field (Incident Caused During Old),Custom field (Incident Caused by Role),Custom field (Incident Freewheel Internal Trigger),Custom field (Incident Level),Custom field (Incident Slack Link),Custom field (Incident Type),Custom field (Include in API Documentation),Custom field (Include in Hub Documentation),Custom field (Include in Release Guide),Custom field (Include in release notes?),Custom field (Included in PROH),Custom field (Included in Product MVP definition?),Custom field (Infra-UI Effort),Custom field (Initiative),Custom field (Initiative Definition Link),Custom field (Initiative Description),Custom field (Initiative Type),Custom field (Insights PPD),Custom field (Integration Start),Custom field (Integration Test Story Points),Custom field (Integration Testing?),Custom field (Integration Type),Custom field (Internal CII Tool),Custom field (Internal Documentation:),Custom field (Internal Priority),Custom field (Introduced By:),Custom field (Introduced Date),Custom field (Introduced Squad),Custom field (Introduced Ticket),Custom field (Introduced Type),Custom field (Introduced Version),Custom field (Introduced Version (Non-MRM)),Custom field (Investigation Result),Custom field (Investigation reason),Custom field (Investment Area),Custom field (Is Integration Master),Custom field (Is contained by key),Custom field (Is regression),Custom field (Issue Cause),Custom field (Issue Reported with Client Impact?),Custom field (Issue Spotted By),Custom field (Issue Viewers),Custom field (Issue start time),Custom field (Iteration),Custom field (Iteration #),Custom field (Iteration Planning Notes),Custom field (Job Requisition Number),Custom field (Job Title),Custom field (Justification of skipping Post-Check),Custom field (KM Assignee),Custom field (KMTCopyParentKey),Custom field (KTLO),Custom field (Key Result),Custom field (Key Result (Deprecate)),Custom field (Klotski PPD),Custom field (Knowledge Management Request Type),Custom field (Known Issue),Custom field (L1 Process),Custom field (L2 Process),Custom field (L3 Process),Custom field (L3 Process Step),Custom field (L4 Process),Custom field (LMD Reporting PPD),Custom field (Laptop Choices),Custom field (LastCommentByNonEngAssignee),Custom field (LastRealChange),Custom field (Latest Status Summary),Custom field (Latest Status Update Notes),Custom field (Linear API PPD),Custom field (Linear CPS PPD),Custom field (Linear Web PPD),Custom field (Linked major incidents),Custom field (Log Processing PPD),Custom field (Login Email),Custom field (Long Term Project),Custom field (ML/Data Enablement PPD),Custom field (MOD Service ID),Custom field (MR Reviewers),Custom field (MVPD),Custom field (MVPD-Client),Custom field (Maintenance Type),Custom field (Maintenance Window),Custom field (Manager Approval Rationale),Custom field (Mantis ID),Custom field (Mantis ID (Number)),Custom field (Maps to Existing Functionality In),Custom field (MarkPointReleaseTickets),Custom field (Market),Custom field (Max Tier of Clients Impacted),Custom field (MeBiz-Platforms PPD),Custom field (MeBiz-TVSales PPD),Custom field (Measurement BJ PPD),Custom field (Measurement of Key Result),Custom field (Media Type),Custom field (Meeting Date & Time),Custom field (Meeting Equipments),Custom field (Meeting Locations),Custom field (Mitigation and Rollback Plan),Custom field (MoSCoW),Custom field (Mobile Phone Number),Custom field (Module),Custom field (Monitor Actions),Custom field (Monitoring Changes/Request),Custom field (Monitoring Tools),Custom field (Most Likely Estimate (days)),Custom field (NTID),Custom field (Need By Date),Custom field (Needed for MY/SG MVP? (FWA BA)),Custom field (Needed for MY/SG MVP? (GroupM)),Custom field (Network ID),Custom field (New Account Request/Additional Permissions),Custom field (New Build or Tech Refresh),Custom field (New Client Impact Index),Custom field (Non Dev Task Team),Custom field (Non Dev Task Work Type),Custom field (Non-Functional Requirement),Custom field (Non-Readonly),Custom field (Number Of Merges),Custom field (Number Of Servers),Custom field (Number of Clients Impacted),Custom field (Number of Clients Impacted(Deprecated)),Custom field (Number of Impressions Impacted (if applicable)),Custom field (OD Link),Custom field (OPS Projects),Custom field (OPS Reviewer),Custom field (Off-Hours ESC Support),Custom field (Office Location),Custom field (Office Region),Custom field (One Strata Core Component Required),Custom field (Op Plan Objective),Custom field (Operating System),Custom field (Operational categorization),Custom field (Opportunity Source),Custom field (Ops Account Type),Custom field (Ops Annual/Long-term Project),Custom field (Ops Assignee),Custom field (Opt T-Shirt Size),Custom field (OptiML Demand Delivery PPD),Custom field (OptiML Demand Planning PPD),Custom field (OptiML Demand Planning T-Shirt Size),Custom field (OptiML Supply Planning PPD),Custom field (Organizations),Custom field (Origin ESC),Custom field (Original Key),Custom field (Original Requirement ID),Custom field (Original Story Points),Custom field (Original story points),Custom field (Other Training:),Custom field (Outage Severity),Custom field (Overhead),Custom field (PM Assignee),Custom field (PM Notes),Custom field (PM Owner),Custom field (PO Spec Link),Custom field (PO Spec Ready),Custom field (PQM PPD),Custom field (PRD Reviewer),Custom field (PRD Status),Custom field (PRD URL),Custom field (PROD Release),Custom field (PSE Notes & Concerns),Custom field (PX Name),Custom field (Parent Account Name),Custom field (Parent Account Name ID),Custom field (Parent Created),Custom field (Parent Link),Custom field (Parent Priority),Custom field (Partner Category Impacted by Release),Custom field (Partner Release Readiness Impact),Custom field (Partner Type),Custom field (Peak Concurrency),Custom field (Pending Reasons),Custom field (Pending Triage),Custom field (Pending reason),Custom field (Performance / Load Test Results Location),Custom field (Performance / Load Test Scripts Available),Custom field (Person Months),Custom field (Personal Email),Custom field (Pillar),Custom field (Pipeline PPD),Custom field (Placeholder Storypoints),Custom field (Planned Person Days),Custom field (Planned Start Date),Custom field (Planning Iteration),Custom field (Platform),Custom field (Platform Ops T-Shirt Size),Custom field (Point Release),Custom field (Post Check Done on PROD),Custom field (Post Check Done on STG),Custom field (Post Termination Followup),Custom field (Posted ZenDesk URL),Custom field (Potential Client Impact),Custom field (Pre-implementation Testing Process),Custom field (Pricing:),Custom field (Primary Customer),Custom field (Prioritization Justification),Custom field (Proactive Detection),Custom field (Prod Access Platform),Custom field (Product),Custom field (Product Aligned SE Contact),Custom field (Product Design Status),Custom field (Product Key Result Name),Custom field (Product Line),Custom field (Product Management Output),Custom field (Product Name),Custom field (Product Objective Name),Custom field (Product Owner),Custom field (Product Parent),Custom field (Product Resolution),Custom field (Product Roadmap Slide:),Custom field (Product Suite),Custom field (Product Vertical),Custom field (Product categorization),Custom field (Production Changes?),Custom field (Production Hosting),Custom field (Production Network Name - ID),Custom field (Production Release Date),Custom field (Production Release Target),Custom field (Productivity Lost in Hours),Custom field (Productizing Target Release),Custom field (Program Increment),Custom field (Program Initiative),Custom field (Program Manager),Custom field (Progress),Custom field (Progressing),Custom field (Project Approved),Custom field (Project Plan Status),Custom field (Project Sponsor),Custom field (Project Start Date),Custom field (Project Status and Next Steps),Custom field (Protocol & Port Number(s)),Custom field (Prototyping Target Release),Custom field (QA),Custom field (QA Estimate),Custom field (QA Lead),Custom field (QA Plan),Custom field (QA Test Cases),Custom field (QA Time (days)),Custom field (QID),Custom field (QoS Incident?),Custom field (QoS Level),Custom field (QoS Reported Version),Custom field (Quad),Custom field (Quarter),Custom field (Query Engine PPD),Custom field (RAG Reasoning),Custom field (RAM (GB)),Custom field (RCA - Impact),Custom field (RCA - Preventative measure),Custom field (RCA - Resolution),Custom field (RCA - Root Causes),Custom field (RCA - Summary),Custom field (RCA Draft(Deprecated)),Custom field (RCA Reviewer),Custom field (RCA Type),Custom field (RPR Region),Custom field (Rack Number),Custom field (Rank),Custom field (Rank (Obsolete)),Custom field (Rank - A&M),Custom field (Rank - AS),Custom field (Rank - BCP),Custom field (Rank - BM),Custom field (Rank - BNP),Custom field (Rank - CY),Custom field (Rank - Core Platform),Custom field (Rank - Data & Analytics),Custom field (Rank - EC),Custom field (Rank - GO),Custom field (Rank - GS),Custom field (Rank - HD),Custom field (Rank - Hylda),Custom field (Rank - JK),Custom field (Rank - KL),Custom field (Rank - Log Files),Custom field (Rank - MHE),Custom field (Rank - Markets),Custom field (Rank - NL),Custom field (Rank - NN),Custom field (Rank - NY),Custom field (Rank - PP),Custom field (Rank - PR),Custom field (Rank - RPM),Custom field (Rank - RS),Custom field (Rank - RX),Custom field (Rank - SL),Custom field (Rank - SP),Custom field (Rank - SW),Custom field (Rank - Scoping Priority),Custom field (Rank - Squad),Custom field (Rank - TC),Custom field (Rank - UEX),Custom field (Rank - UIF),Custom field (Rank - VP),Custom field (Rank - WN),Custom field (Rank - Web Services),Custom field (Realtime PPD),Custom field (Reason for Rejection),Custom field (Region),Custom field (Regression Test Scripts Available),Custom field (Regression Tests Automated),Custom field (Related Areas),Custom field (Related ESC/Release Ticket),Custom field (Related Epic:),Custom field (Related Initiative:),Custom field (Related OPP),Custom field (Related Objective),Custom field (Related Product Requests),Custom field (Related Story:),Custom field (Release),Custom field (Release Brief),Custom field (Release Frequency),Custom field (Release Guide),Custom field (Release Guide Category),Custom field (Release Guide Entry - PM Version),Custom field (Release Guide Entry - Published Version),Custom field (Release Guide Inclusion),Custom field (Release Note),Custom field (Release Note Summary),Custom field (Release to Internal Test Target Date),Custom field (Relevant Client(s)),Custom field (Remaining Person-Day),Custom field (Remediation Steps),Custom field (Remediation Ticket),Custom field (Remediation Type),Custom field (Renewal Date),Custom field (Reopen Reason),Custom field (Reported Version),Custom field (Reported with Client Impact?),Custom field (Reporting Manager),Custom field (Reporting PPD),Custom field (Request Category),Custom field (Request Training Dates),Custom field (Request Type),Custom field (Request participants),Custom field (Requesting Squad),Custom field (Requesting Team),Custom field (Require Infra Support from OPS),Custom field (Requirement Delivery Status),Custom field (Requirement Type),Custom field (Requires Client Readiness Support),Custom field (Requires Hub or Release Guide Documentation),Custom field (Requires internal-facing documentation or internal training),Custom field (Requires the creation or updating of a User Guide or Playbook),Custom field (Resolution Link),Custom field (Resolution Time),Custom field (Resolution of Change),Custom field (ResolutionDuration),Custom field (ResolveTime),Custom field (Resource Assignee(s)),Custom field (Resource Request),Custom field (Resourcing Notes),Custom field (Review Notes),Custom field (Risk),Custom field (Risk),Custom field (Risk),Custom field (Risk),Custom field (Risk Analysis),Custom field (Risk Level),Custom field (Risk Level Setter),Custom field (Risk consequence),Custom field (Risk probability),Custom field (Roadmap),Custom field (Role),Custom field (Rollback SQL-1),Custom field (Rollback SQL-2),Custom field (Rollback SQL-3),Custom field (Rollbacks),Custom field (Root Cause),Custom field (Root Cause),Custom field (Root Cause Analysis),Custom field (Root cause),Custom field (Root-Cause),Custom field (S3 Bucket),Custom field (SCRUM Team),Custom field (SFX DE PPD),Custom field (SFX SE PPD),Custom field (SFX UI PPD),Custom field (SH Data Forge PPD),Custom field (SLA Contract Details),Custom field (SOW Cost),Custom field (SP),Custom field (SQL Change),Custom field (SQL Server Version),Custom field (SQL URL-1),Custom field (SQL URL-2),Custom field (SQL URL-3),Custom field (SRE T-Shirt Size),Custom field (SRS Source),Custom field (SSP Fix version/s),Custom field (SSP GitHub Ticket URL),Custom field (SSP PPD),Custom field (SSP Release Components),Custom field (SSP Release Phase),Custom field (SSP Release Procedure WIKI),Custom field (SSP Release QA To-Do Reminder),Custom field (SSP Release SysAdmin To-Do Reminder),Custom field (SSP Subversion Number),Custom field (SSP Version (Base)),Custom field (STG Release),Custom field (STRATA Stakeholder(s)),Custom field (Sales Material:),Custom field (Sales Training:),Custom field (SalesForce Request Type),Custom field (Sample Ad Request),Satisfaction score (out of 5),Custom field (Schedulable Deadline),Custom field (Scheduling Status),Custom field (Scope),Custom field (Scope During Versions),Custom field (Score - External Risk / Dependency),Custom field (Score - Net Incr. Revenue),Custom field (Score - Strategic Value),Custom field (Score - Total Effort),Custom field (Score - Urgency),Custom field (Score - Value to Customer),Custom field (Seat Assignment),Custom field (Security Assessments Type),Custom field (Security Finding),Custom field (Security Risk Level),Custom field (Seller Type),Custom field (Server Environment),Custom field (Server LAN),Custom field (Server Spec),Custom field (Server Type),Custom field (Server(s)/Hardware Impacted),Custom field (Servers behind VIP),Custom field (Service Impacted),Custom field (Service Port),Custom field (Serviceability Fields),Custom field (Services),Custom field (Services Training:),Custom field (Serving T-Shirt Size),Custom field (SetRiskLevel),Custom field (Setup Date),Custom field (Severity),Custom field (Severity Level),Custom field (Shared Release Review Slide:),Custom field (Shipping Address),Custom field (Showcase link),Custom field (Slack Channel),Custom field (Snowflake Resource Type),Custom field (Soft Commit?),Custom field (Software Name),Custom field (Software Needed),Custom field (Solution Provided Date),Custom field (SolutionProvidedDate),Custom field (Solutions Engineer),Custom field (Source),Custom field (Source Control System),Custom field (Source Host),Sprint,Custom field (Squad),Custom field (Staging Passed),Custom field (Staging Release Date),Custom field (Start Date),Custom field (Start date),Custom field (Status Notes),Custom field (Status Update),Custom field (Status Update Date),Custom field (Steps to replicate),Custom field (Storage Spec),Custom field (Story Points),Custom field (Story Priority),Custom field (Story Sub-type),Custom field (Story point estimate),Custom field (Strata Platform Delivery Milestone),Custom field (Strata Platform Module),Custom field (Strategic Initiative),Custom field (Structure Index Monitor),Custom field (Sub Module),Custom field (Sub-Task Sub-type),Custom field (Sub-Type),Custom field (Sub-topic),Custom field (Submitted Due),Custom field (Subnet ID's),Custom field (Suggested Action),Custom field (Supported Desktop/Laptop OS versions),Custom field (Supporting Documents),Custom field (Switch Ports),Custom field (Synergy PPD),Custom field (System Operations Owner),Custom field (System Test PPD),Custom field (Systems Change Type),Custom field (Systems Hand-off date),Custom field (Systems/SRE Projects),Custom field (T&S-Data PPD),Custom field (T-Shirt Size),Custom field (TDM Flagged),Custom field (Target Date),Custom field (Target End Date),Custom field (Target end),Custom field (Target start),Custom field (Task Content),Custom field (Task Type),Custom field (Task mode),Custom field (Team),Custom field (Team),Custom field (Team Assigned),Custom field (Team Honored),Custom field (Team of Reporter),Custom field (Tech Design Status),Custom field (Tech Lead),Custom field (Technical Design Additional Notes),Custom field (Technical Design Reviewer),Custom field (Termination Time),Custom field (Termination Type),Custom field (Test Case),Custom field (Test Case Pass/Fail),Custom field (Test Case Target),Custom field (Test Case URL),Custom field (Test Doc),Custom field (Test Harness Changes Complete),Custom field (Test Network Name - ID),Custom field (Test Owner),Custom field (Test Task Type),Custom field (Test additional Notes),Custom field (Tested Due),Custom field (Testing Environment),Custom field (This feature changes the way our clients use the product and will require full client adoption and readiness training),Custom field (This feature is already a part of an existing Client Release Readiness and Commercialization Plan),Custom field (This feature is completely new and will require a commercialization plan),Custom field (Ticket Holder),Time to approve normal change,Time to approve normal change simplified,Time to close after resolution,Time to close after resolution simplified,Time to first response,Time to first response simplified,Time to resolution,Time to resolution simplified,Custom field (To Be Released into 6.20 PROD),Custom field (To Do Date),Custom field (Topic),Custom field (Total Users),Custom field (Tracked Roadmap Project),Custom field (Training Audience),Custom field (Training Location),Custom field (Training Request Type),Custom field (Tranche),Custom field (Triaged),Custom field (Triggered by FW Changes),Custom field (Troubleshooting),Custom field (Turbine PPD),Custom field (Type),Custom field (Type of Client),Custom field (Type of License),Custom field (Type of Request),Custom field (Type of Work),Custom field (Type of Work (Deprecated)),Custom field (UAT),Custom field (UAT Release Date),Custom field (UAT Required),Custom field (UEX PPD),Custom field (UI Technology),Custom field (UI-MKPL PPD),Custom field (UVP),Custom field (UX),Custom field (Under OPS Review New),Custom field (UpdateStatusUpdateDate),Custom field (Urgency),Custom field (Urgency),Custom field (User Modification Type),Custom field (User Story),Custom field (Userdata T-Shirt Size),Custom field (Username),Custom field (Uses CentralLogin Authentication),Custom field (VCOP Accepted),Custom field (VI PPD),Custom field (VI Runtime),Custom field (VIP Needed),Custom field (VIP Port),Custom field (VP Approver),Custom field (VPC ID's),Custom field (VW Meeting),Custom field (VW Meeting Label),Custom field (VW Root Cause),Custom field (Vendor),Custom field (Vendor Contact),Custom field (Version),Custom field (Version Log Entry),Custom field (Visual Studio Version),Custom field (WAVE PPD),Custom field (WSJF),Custom field (What applications will run on this server?),Custom field (What are you going to do?),Custom field (What do they need to know?),Custom field (What servers will connect to this?),Custom field (What servers will this connect to?),Custom field (Whitesource Organization),Custom field (Whitesource Product),Custom field (Whitesource Project),Custom field (Whitesource?),Custom field (Who needs to know?),Custom field (Will external public clients access this?),Custom field (Windows Server Version),Custom field (Work Category),Custom field (Work Location),Custom field (Work Type Other),Custom field (Work-On Version/s),Custom field (Workaround),Custom field (Workaround),Custom field (Workaround Exists),Custom field (Worked Iteration(s)),Custom field (Working Group),Custom field (Working on Version),Custom field (Workstream),Custom field (Worst-Case Estimate (days)),Custom field (Zendesk First Ticket Creation Time),Custom field (Zendesk Resolved Time),Custom field (Zendesk Status),Custom field (Zendesk link),Custom field (temp test),Custom field (test_version_picker),Comment,Comment,Comment,Comment,Comment,Comment,Comment,Comment,Comment,Comment,Comment,Comment,Comment,Comment
Failed to launch application Copy Transaction ID to clipboard,ESC-61877,893273,Investigation,Done,ESC,Escalation,software,mtorres,"Project for all support activities escalated to engineering team.

Please visit [Escalation Wiki|http://wiki.dev.fwmrm.net/display/JIRADOC/Escalations+-+ESC] for more information.
Please follow [Engineering Guidance|http://wiki.dev.fwmrm.net/display/JIRADOC/ENG+Guidance+to+Handle+Escalation+Tickets] for ticket processing from Engineering side
",https://jira.freewheel.tv/browse/ESC/,CRITICAL - P1,Fixed,OPSfwaTechOps,hschmeckpeper,hschmeckpeper,11/30/2023 11:51,2/19/2024 20:12,4/14/2026 2:52,11/30/2023 12:04,,,,0,qos_reviewed,,,,,"{color:#1d1c1d}We are getting multiples reports across multiple agencies and are able to replicate internally. Folks are not able to launch applications{color}

{color:#1d1c1d}!image-2023-11-30-10-49-21-393.png!{color}

 ",,hschmeckpeper,xhe,,,,,,,,,,,,,,,,,,,,,OPS-180807,,30/Nov/23 11:49;hschmeckpeper;image-2023-11-30-10-49-21-393.png;https://jira.freewheel.tv/secure/attachment/434639/image-2023-11-30-10-49-21-393.png,,,,,,,,,,,,,,,,,,,,,,,,,,,,,,,,,,,,,,,,,,,,,,,,,,,,,,,,Quarterly Access Review,,,,,,,,,,,,,,,Not Specified,,,,,,,,,,<a href='https://freewheel.aha.io/features/'></a>,,,,,,,,,,,,,,,,,,,,,,,,,,,,,ESC-61877,,,,,,,,,,,,,,,,,,,,,,,,,,,,,,,,,,,,,,,,,,,,,,,,,,,,,,,,,New,,,,,,,,,,,,,,,,,,,,,,,,,,,,Standard,,,,,,,,,,,,,,,,,MRM Only,,,,Strata Client,,,,,,,,,,,,,,,,,,,,,No,,,,0,,,,,,,No,,,,,,,,,,,,,,,,,,,,,,,,,,,,,,,,,Not Started - White,,,,,,,,,,,,,,,,,,,,,,,,,,,,,,,,,,Permanent,,,,,,,,,,,,,,,,,,,,nobody,,,,,,,,,,,,,Internal Escalation,,,,,,,,,,,,,,,,,,,,,,,,,,,,,,,,,None,,,,,,,,,0,,,,,,,,,,,,,,,,,,,None Specified,,,,,,,,,,,,,,,,,,,,,,,,,,,,,Internal - ENG,,,,,,,,,,,Low,Cost,,,,,,TBD,,,,,,FreeWheel's Partner and Vendor,,Minor Incident,https://freewheel.slack.com/archives/C027SGR429H/p1701364350869969,Stability,,,,,,,,,,,,,,,,,,,,,,,,,,,,,,,,,,,,,,,,,,,,,,,,,,,,,,,,,,,1,Thu Nov 30 17:05:13 UTC 2023,"Required for P1/P2 issues, full description of the current status.",,,,,,,,No,,,,,,,,,,,,,,,,,,,,,,,,,,,,,,,,,,,,,New Build,,,,,,,,,,,,,,,,,,,Amazon Linux,,,,No,,,,,,,,,,,,,,,,,,,,,,,,,,,,,,,,,,,,,,,,,,0,,,,,,,,,,,,,,,,,,Not Specified,,No,,STRATA AGENCY: OneStrata,,Open,,,,,,,,,,,,,,,,,,,,,,,,,,Not Started,,,,,,,,nobody,,,,,,,,,,,,,,,,,,"*Description:*

*Impact:*

*Root Cause:*

*Resolution:*

*Preventative Measures:*",,,,,1|i28dta:,9.22337E+18,,,,,,,,,,,,,,,,,,,,,,,,,,,,,,,,,,,,,,,,Not Specified,,,,,,,,,,,,,,,,,,,,,,,,,,,,,,,,,,,,,,,,,,,,,,,,,,,,,,,,,,,,,,,,,,,,,,,,,,,,,,,,,,,,,,,,,,,,,,,,,,,,,,,,,,,,,,,,,,,,,,,,,,,,,,,,,,,This tab is designed for Serviceability data collection by team SE&OQ.,I Don't Know,,,,,,,,,,,Database,No,,,11/30/2023 12:04,Thu Nov 30 17:04:28 UTC 2023,,,,,,,,,,,,,,,,,,,,,,,,,,,,,,,Windows 10,,,,,,Hardware break/fix,,,,Not Specified,No,,,,,,,,,,,,,,,,,,,,,,,,,,,,,,,,,,,,,,,,,,,,,,,,,,,,,,,,,,,,,,,,,,,,,,,Sat Jul 01 00:00:00 UTC 2017,,Medium,,,,,,,,,No,,,,,,,,,,,,,,,,,,,,,,,,,,,,,,,,,,,,,,,,,,,,30/Nov/23 11:56;hschmeckpeper;This is not an MRM client;;;,30/Nov/23 12:05;hschmeckpeper;11:10 am - CS3 and TechOps confirmed resolved. Several different engineers and clients confirmed everything is working.;;;,,,,,,,,,,,,
Altice can't access Storm Database ,ESC-62412,899148,Investigation,Done,ESC,Escalation,software,mtorres,"Project for all support activities escalated to engineering team.

Please visit [Escalation Wiki|http://wiki.dev.fwmrm.net/display/JIRADOC/Escalations+-+ESC] for more information.
Please follow [Engineering Guidance|http://wiki.dev.fwmrm.net/display/JIRADOC/ENG+Guidance+to+Handle+Escalation+Tickets] for ticket processing from Engineering side
",https://jira.freewheel.tv/browse/ESC/,CRITICAL - P1,Done,OPSfwaTechOps,jweinreich,jweinreich,12/15/2023 11:42,2/19/2024 20:11,4/14/2026 2:53,12/29/2023 14:00,,,Linear - Other,0,auto_closed,qos_reviewed,svc-alerts,,,Altice can't access their Strata instances for Storm to research and build their linear schedules. Outage started on 12/13 after data center move. Client temp is FIRE as this is impacting their schedules for the holiday week.,,aponikiewski,dvillamagna,gcarnevale,jescober,jmeckert,jweinreich,mtorres,rchambers,scriptrunner,torsher,xhe,,,,,,,,,,,,OPS-179870,,,,,,,,,,,,,,,,,,,,,,,,,,,,,,,,,,,,,,,,,,,,,,,,,,,,,,,,,,Quarterly Access Review,,,,,,,,,,,,,,,Not Specified,,,,,,,,,,<a href='https://freewheel.aha.io/features/'></a>,,,,,,,,,,,,,,,,,,,,,,,,,,,,,ESC-62412,,,,,,,,,,,,,,,,,,,,,,,,,,,,,,,,,,,,,,,,,,,,,,,,,,,,,,,,,New,,Altice,,,,,,,,,,,,,,,,,,,,,,,,,,Standard,,,,,,,,,,,,,,,,,MRM Only,,,,Altice,,,,,,,,,,,,,,,,,,,,,No,,,,0,,,,,,,No,,,,,,,,,,,,,,,,,,,,,,,,,,,,,,,,,Not Started - White,,,,,,,,,,,,,,,,,,,,,,,,,,,,,,,,,,Permanent,,,,,,,,,,,,,,,,,,,,nobody,,,,,,,,,,,,,Internal Escalation,,,,,,,,,,,,,,,,,,,,,,,,,,,,,,,,,None,,,,,,,,,0,,,,,,,,,,,,,,,,,,,None Specified,,,,,,,,,,,,,,,,,,,,,,,,,,,,,Internal - ENG,,,,,,,,,,,Low,Cost,,,,,,TBD,,,,,,FreeWheel,,Minor Incident,https://freewheel.slack.com/archives/C027SGR429H/p1702659607479339,Serviceability,,,,,,,,,,,,,,,,,,,,,,,,,,,,,,,,,,,,,,,,,,,,,,,,,,,,,,,,,,,1,Tue Jan 09 20:03:04 UTC 2024,"Required for P1/P2 issues, full description of the current status.",,,,,,,,No,,,,,,,,,,,,,,,,,,,,,,,,,,,,,,,,,,,,,New Build,,,,,,,,,,,,,,,,,,,Amazon Linux,,,,No,dvillamagna,,,,,,,,,,,,,,,,,,,,,,,,,,,,,,,,,,,,Other - Please Describe in Comment,,,,,0,,,,,,,,,,,,,,,,,,Not Specified,,No,,STRATA AGENCY: OneStrata,,Open,,,,,,,,,,,,,,,,,,,,,,,,,,Not Started,,,,,,,,nobody,,,,,,,,,,,,,,,,,,"*Description:*

*Impact:*

*Root Cause:*

*Resolution:*

*Preventative Measures:*",,,,,1|i29aba:,9.22337E+18,,,,,,,,,,,,,,,,,,,,,,,,,,,,,,,,,,,,,,,,Not Specified,,,,,,,,,,,,,,,,,,,,,,,,,,,,,,,,,,,,,,,,,,,,,,,,,,,,,,,,,,,,,,,,,,,,,,,,,,,,,,,,,,,,,,,,,,,,,,,,,,,,,,,,,,,,,,,,,,,,,,,,,,,,,,,,,,,The fields on this tab are designed for Serviceability data collection by team SE&OQ. More details please refer to https://wiki.freewheel.tv/pages/viewpage.action?pageId=450573051,I Don't Know,,,,,,,,,,,Database,No,,,12/29/2023 14:00,Fri Dec 29 19:00:59 UTC 2023,,,,,,,,,,,,,,,,,,,,,,,,,,,,,,,Windows 10,,,,,,Hardware break/fix,,,,Not Specified,No,,,,,,,,,,,,,,,,,,,,,,,,,,,,,,,,,,,,,,,,,,,,,,,,,,,,,,,,,,,,,,,,,,,,,,,Sat Jul 01 00:00:00 UTC 2017,,Medium,,,,,,,,,No,,,,,,,,,,,,,,,,,,,,,,,,,,,,,,,,,,,,,,,,,https://freewheel.zendesk.com/agent/#/tickets/186662,,,"15/Dec/23 11:56;dvillamagna;[~jweinreich] We need the client to allow access to the below IP's and they will have access to the DB.  It seems there is reluctance on their end to do this for some reason.  This would correct the issue and resolve this ticket.  This is the AWS SQL DB. 

 

3.217.50.142

52.5.133.173;;;",15/Dec/23 12:49;jescober;Engineering has reached out to client regarding ip changes and awaiting response.;;;,15/Dec/23 13:12;mtorres;Adding [~svc-alerts] to have a Zendesk ticket;;;,"26/Dec/23 16:30;scriptrunner;This ticket has been pending for more than 5 days without updates. 
[~jweinreich] please update it and reopen to ENG/OPS if you need further actions. Otherwise it will be automatically closed in 2 days.;;;","09/Jan/24 11:27;jmeckert;[~jweinreich] Altice was successfully pointed to the AWS STORM instance this morning.

cc: [~zsribnick] [~jmurphy] [~tjones] [~AMoncure] [~aobrien] [~jquaid] ;;;","09/Jan/24 15:03;jmeckert;[~jweinreich] 

Alitce needs to point back to Stl STORM because we discovered their VM servers supporting both VIEW and CablePOST were not able to access AWS STORM.  Altice is wotjing with their IT team to expand firewall rules expanded to include the VM servers. No timeline was provided.

cc: [~zsribnick] [~jmurphy] [~tjones] [~AMoncure] [~aobrien] [~jquaid] ;;;",,,,,,,,
Site cannot be reached - strata.cloud.com,ESC-62291,898242,Investigation,Done,ESC,Escalation,software,mtorres,"Project for all support activities escalated to engineering team.

Please visit [Escalation Wiki|http://wiki.dev.fwmrm.net/display/JIRADOC/Escalations+-+ESC] for more information.
Please follow [Engineering Guidance|http://wiki.dev.fwmrm.net/display/JIRADOC/ENG+Guidance+to+Handle+Escalation+Tickets] for ticket processing from Engineering side
",https://jira.freewheel.tv/browse/ESC/,CRITICAL - P1,Fixed,OPSfwaTechOps,salesforce,salesforce,12/12/2023 18:11,2/19/2024 20:12,4/14/2026 2:53,12/18/2023 12:29,,,,0,auto_close_pending,qos_reviewed,,,,"strata.cloud.com - site cannot be reached
Support is able to recreate the error message in strata.cloud.com, it just spins and spins when accessing it from a browser
Judy reports that she and another colleague have the same error.
Judy cleared cache in Google Chrome and was not able to get in,
it was discovered they were using scloud.gotostrata.com, once I directed them to the site it was working - strata.cloud.com

There was a system issue with strata.cloud.com and that has been resolved by our higher-level support.",,ahoskins,cphuah,jmurphy,salesforce,scriptrunner,xhe,,,,,,,,,,,,,,,,,,OPS-179760,,,,,,,,,,,,,,,,,,,,,,,,,,,,,,,,,,,,,,,,,,,,,,,,,,,,,,,,,Quarterly Access Review,,,,,,,,,,,,,,,Not Specified,,,,,,,,,,<a href='https://freewheel.aha.io/features/'></a>,,,,,,,,,,,,,,,,,,,,,,,,,,,,,ESC-62291,,,,,,,,,,,,,,,,,,,,,,,,,,,,,,,,,,,,,,,,,,,,,,,,,,,,,,,,,New,,,,,,,,,,,,,,,,,,,,,,,,,,,,Standard,,,,,,,,,,,,,,,,,MRM Only,,,,ALL,,,,,,,,,,,,,,,,,,,,,No,,,,0,,,,,,,No,,,,,,,,,,,,,,,,,,,,,,,,,,,,,,,,,Not Started - White,,,,,,,,,,,,,,,,,,,,,,,,,,,,,,,,,,Permanent,,,,,,,,,,,,,,,,,,,,nobody,,,,,,,,,,,,,External Escalation,,,,,,,,,,,,,,,,,,,,,,,,,,,,,,,,,None,,,,,,,,,0,,,,,,,,,,,,,,,,,,,None Specified,,,,,,,,,,,,,,,,,,,,,,,,,,,,,Internal - ENG,,,,,,,,,,,Low,Cost,,,,,,TBD,,,,,,FreeWheel's Partner and Vendor,,Minor Incident,https://freewheel.slack.com/archives/C027SGR429H/p1702418959791519,Stability,,,,,,,,,,,,,,,,,,,,,,,,,,,,,,,,,,,,,,,,,,,,,,,,,,,,,,,,,,,1,Mon Dec 18 17:29:11 UTC 2023,"Required for P1/P2 issues, full description of the current status.",,,,,,,,No,,,,,,,,,,,,,,,,,,,,,,,,,,,,,,,,,,,,,New Build,,,,,,,,,,,,,,,,,,,Amazon Linux,,,,No,cphuah,,,,,,,,,,,,,,,,,,,,,,,,,,,,,,,,,,,,Information Required,,,,,0,,,,,,,,,,,,,,,,,,Not Specified,,Yes,,STRATA AGENCY: OneStrata,,Open,,,,,,,,,,,,,,,,,,,,,,,,,,Not Started,,,,,,,,nobody,,,,,,,,,,,,,,,,,,"*Description:*

*Impact:*

*Root Cause:*

*Resolution:*

*Preventative Measures:*",,,,,1|i294xy:,9.22337E+18,,,,,,,,,,,,,,,,,,,,,,,,,,,,,,,,,,,,,,,,Not Specified,,,,,,,,,,,,,,,,,,,,,,,,,,,,,,,,,,,,,,,,,,,,,,,,,,,,,,,,,,,,,,,,,,,,,,,,,,,,,,,,,,,,,,,,,,,,,,,,,,,,,,,,,,,,,,,,,,,,,,,,,,,,,,,,,,,The fields on this tab are designed for Serviceability data collection by team SE&OQ. More details please refer to https://wiki.freewheel.tv/pages/viewpage.action?pageId=450573051,I Don't Know,,,,,,,,,,"#fwa-techops
#fwawarroom",Database,No,,,12/18/2023 12:29,Mon Dec 18 17:29:11 UTC 2023,,,,,,,,,,,,,,,,,,,,,,,,,,,,,,,Windows 10,,,,,,Hardware break/fix,,,,Not Specified,No,,,,,,,,,,,,,,,,,,,,,,,,,,,,,,,,,,,,,,,,,,,,,,,,,,,,,,,,,,,,,,,,,,,,,,,Sat Jul 01 00:00:00 UTC 2017,,Medium,,,,,,,,,No,,,,,,,,,,,,,,,,,,,,,,,,,,,,,,,,,,,,,,,,,,,,12/Dec/23 19:18;cphuah;Worked with Citrix and it is up now.;;;,12/Dec/23 19:21;ahoskins;[~OPSfwaTechOps] worked with the Citrix team and the strata.cloud.com site is back up. Setting this ticket to pending.;;;,"12/Dec/23 19:57;jmurphy;From [~cphuah] :

The issue emerged as a result of preparing to decommission Active Directory servers in STL prior to the DC migration this weekend. Due to the Citrix DNS route not being reachable by the Citrix servers, the site went down. We have fixed the Citrix DNS issue and upgraded the Citrix connection to the latest version that resolved the issue;;;","12/Dec/23 20:12;cphuah;The issue emerged as a result of preparing to decommission Active Directory servers in STL prior to the DC migration. Due to the Citrix DNS route not being reachable by the Citrix servers, the site partially went down. Some users can still login.
We have fixed the Citrix DNS issue and upgraded the Citrix connection to the latest version that resolved the issue.;;;","18/Dec/23 12:25;scriptrunner;This ticket has been pending for more than 5 days without updates. 
[~salesforce] please update it and reopen to ENG/OPS if you need further actions. Otherwise it will be automatically closed in 2 days.;;;",,,,,,,,,
DAN DK campaigns has been split in to two media plans ,ESC-57095,846941,Investigation,Done,ESC,Escalation,software,mtorres,"Project for all support activities escalated to engineering team.

Please visit [Escalation Wiki|http://wiki.dev.fwmrm.net/display/JIRADOC/Escalations+-+ESC] for more information.
Please follow [Engineering Guidance|http://wiki.dev.fwmrm.net/display/JIRADOC/ENG+Guidance+to+Handle+Escalation+Tickets] for ticket processing from Engineering side
",https://jira.freewheel.tv/browse/ESC/,MAJOR - P2,Done,OPSfwaTechOps,nramalingam,nramalingam,7/18/2023 7:23,2/19/2024 20:13,4/14/2026 2:53,7/31/2023 14:01,,,,0,auto_closed,defectreview,NOC-ACK,qos_reviewed,,"DAN DK had reported an issue with some campaigns in Adazzle where the Media Plan is split when sent to Marathon. This seems to happen with the campaigns from friday

Some affected campaigns are:

Campaign ID Adazzle:

548524

548500

548309

548223

548488

548502

548535

Reference: https://jira.freewheel.tv/browse/OPS-165370

As per XML Loads from [~cshah] specifically for Campaign ID: 548524: It seems orders are splitting it on from Adazzle side.

it does appear that the marathon adapter is creating two marathon plans instead of one.

Could you please check what caused this issue?

Clients are unable to book the campaign until resolution ",,cphuah,cshah,cwu,nramalingam,oclarke,scriptrunner,,,,,,,,,,,,,,,,FWS-38643,,,18/Jul/23 07:23;nramalingam;Adazzle_Order_548524_-_305458[1].json;https://jira.freewheel.tv/secure/attachment/411121/Adazzle_Order_548524_-_305458%5B1%5D.json,18/Jul/23 07:23;nramalingam;Adazzle_Order_548524_-_3054599[1].json;https://jira.freewheel.tv/secure/attachment/411122/Adazzle_Order_548524_-_3054599%5B1%5D.json,18/Jul/23 12:11;cshah;FWS-38643 Duplicate PlanID.xlsx;https://jira.freewheel.tv/secure/attachment/411206/FWS-38643+Duplicate+PlanID.xlsx,18/Jul/23 08:02;nramalingam;Logs from Kase.json;https://jira.freewheel.tv/secure/attachment/411125/Logs+from+Kase.json,,,,,,,,,,,,,,,,,,,,,,,,,,,,,,,,,,,,,,,,,,,,,,,,,,,,,Quarterly Access Review,,,,,,,,,,,,,,,Not Specified,,,,,,,,,,<a href='https://freewheel.aha.io/features/'></a>,,,,,,,,,,,,,,,,,,,,,,,,,,,,,ESC-57095,,,,,,,,,,,,,,,,,,,,,,,,,,,,,,,,,,,,,,,,,,,,,,,,,,,,,,,,,New,,,,,,,,,,,,,,,,,,,,,,,,,,,,Standard,,,,,,,,,,,,,,,,,MRM Only,,,,Strata Client,,,,,,,,,,,,,,,,,,,,,No,,,,0,,,,,,,No,,,,,,,,,,,,,,,,,,,,,,,,,,,,,,,,,Not Started - White,,,,,,,,,,,,,,,,,,,,,,,,,,,,,,,,,,Permanent,,,,,,,,,,,,,,,,,,,,cshah,,DevOps,,,,,,,FWS-32203,,,,External Escalation,,,,,,,,,,,,,,,,,,,,,,,,,,,,,,,,,None,,,,,,,,,0,,,,,,,,,,,,,,,,,,,None Specified,,,,,,,,,,,,,,,,,,,,,,,,,,,,,Internal - ENG,,,,,,,,,,,Low,Cost,,,,,,TBD,,,,,,FreeWheel,,Minor Incident,https://freewheel.slack.com/archives/C027SGR429H/p1689682087206059,Stability,,,,,,,,,,,,,,,,,,,,,,,,,,,,,,,FWS-32203,,,,,,,,,,,,,,,,,,,,,,,,,,,,1,Mon Jul 31 18:01:01 UTC 2023,"Required for P1/P2 issues, full description of the current status.",,,,,,,,No,,,,,,,,,,,,,,,,,,,,,,,,,,,,,,,,,,,,,New Build,,,,,,,,,,,,,,,,,,,Amazon Linux,,,,No,,,,,,,,,,,,,,,,,,,,,,,,,,,,,,,,,,,,,Solution Provided,,,,,0,,,,,,,,,,,,,,,,,,Not Specified,,No,,STRATA AGENCY: Financial Bridge,,Open,,Strata AHC,,,,,,,,,Demand,,,,,,,,,,,,,,,Not Started,,,,,,,,nobody,,,,,,,,,,,,,,,,,,"*Description:*

*Impact:*

*Root Cause:*

*Resolution:*

*Preventative Measures:*",,,,,1|i20p48:,9.22337E+18,,,,,,,,,,,,,,,,,,,,,,,,,,,,,,,,,,,,,,,,Not Specified,,,,,,,,,,,,,,,,,,,,,,,,,,,,,,,,,,,,,,,,,,,,,,,,,,,,,,,,,,,,,,,,,,,,,,,,,,,,,,,,,,,,,,,,,,,,,,,,,,,,,,,,,,,,,,,,,,,,,,,,,,,,,,,,,,,This tab is designed for Serviceability data collection by team SE&OQ.,I Don't Know,,,,,,,,,,,Database,No,,,7/31/2023 14:01,Mon Jul 31 18:01:01 UTC 2023,,,,,,,,,,,,,,,,,,,,,,,,,,,,,,,Windows 10,,,,,,Hardware break/fix,,,,Not Specified,No,,,,,,,,,,,,,,,,,,,,,,,,,,,,,,,,,,T3,,,,,,,,,,,,,,,,,,,,,,,,,,,,,,,,,,,,,Sat Jul 01 00:00:00 UTC 2017,,Medium,,,,,,,,,No,,,,,,,,,,,,,,,,,,,,,,,,,,,,,,,,,,,,,,,,,,,,"18/Jul/23 07:23;cwu;reviewed in defect review, Chirag is checking into it. Doesn't seem to be Financial bridge issue, Adazzle is sending media plan already split. ;;;","18/Jul/23 07:23;oclarke;Hi [~cwu] [~cshah]  Thanks for the response.

Do we have any further update on this? 
Client is unable to book and blocked due to this issue

Thanks,
Omar;;;","18/Jul/23 07:28;nramalingam;We cloned it from this Jira https://jira.freewheel.tv/browse/FWS-38643

Thanks,;;;",18/Jul/23 08:02;nramalingam;[~cshah] [~vsoliva] Kase has provided the logs. I have attached logs from Kase;;;,"18/Jul/23 08:39;oclarke;A change was implemented yesterday afternoon US time to possibly stop any re-occurrence of splitting campaigns (if root cause is correct)

Checking if this is the case.

Chirag will investigate and provide more info.

Thank you.
;;;","18/Jul/23 12:12;cshah;As of now, with keeping single instance of Financialbridge we are not seeing any further issue. Hence this has been resolved. 

I have also gone through data for last few days and filtered data to separate out 8 campaigns which are affected. In the attached excel sheet I have provided campaign ID, plan ID and finance Order Id values for quick reference. 

For fixing this data on our end is pretty simple: for each campaign we can confirm which plan ID is correct value and then update records for given camapaign to use same PLAN ID. it's going to be a simple script fix on our end. 

As long as this solution works for client too, we can take care of this within an hour or so.;;;",18/Jul/23 16:16;cshah;We already have a solution in place to avoid any further splitting of plan data. I  have also provide list of affected campaigns and possible solutions. Waiting for confirmation. ;;;,"24/Jul/23 04:18;scriptrunner;This ticket has been pending for more than 5 days without updates. 
[~nramalingam] please update it and reopen to ENG/OPS if you need further actions. Otherwise it will be automatically closed in 2 days.;;;","24/Jul/23 12:33;nramalingam;We are still working with client for the trail fix. 
We have already provided workaround for single campaign and they are trying to figure it out if it is not affecting other plans. 
Once client respond to proceed for other campaigns, we will close this out. 
Until client confirms the same, please put the ticket in pending. ;;;",,,,,
DAN DK finance orders not sent through financial bridge(Marathon) since 28-09-23,ESC-59667,872623,Investigation,Done,ESC,Escalation,software,mtorres,"Project for all support activities escalated to engineering team.

Please visit [Escalation Wiki|http://wiki.dev.fwmrm.net/display/JIRADOC/Escalations+-+ESC] for more information.
Please follow [Engineering Guidance|http://wiki.dev.fwmrm.net/display/JIRADOC/ENG+Guidance+to+Handle+Escalation+Tickets] for ticket processing from Engineering side
",https://jira.freewheel.tv/browse/ESC/,MAJOR - P2,Fixed,OPSfwaTechOps,nramalingam,nramalingam,9/28/2023 10:39,10/10/2023 2:34,4/14/2026 2:53,9/28/2023 15:50,,,,0,qos_reviewed,,,,,"Hello, 

From today morning DAN DK finance orders are not sent to Marathon since yesterday. 

Received a ZD ticket from the user that campaigns are failing. 

Investigated it further and verified that lot of orders has been failed. 

Problem ticket created in ZD 

[https://freewheel.zendesk.com/agent/tickets/180283]

Datadog link:

[https://freewheel-onestrata.datadoghq.com/logs?query=service%3Afinancialbridge%20host%3Aip-10-216-7-139.eu-west-1.compute.internal-euw1-prod-app%20-status%3A%28info%20OR%20debug%29&cols=host%2Cservice&index=%2A&messageDisplay=inline&refresh_mode=paused&stream_sort=desc&viz=stream&from_ts=1695899971410&to_ts=1695900571410&live=false]

 

In FOM:

!image-2023-09-28-15-37-18-453.png!",,cphuah,cshah,kpham,nramalingam,,,,,,,,,,,,,,,,,FWS-40805,,OPS-172854,,28/Sep/23 10:37;nramalingam;image-2023-09-28-15-37-18-453.png;https://jira.freewheel.tv/secure/attachment/423851/image-2023-09-28-15-37-18-453.png,,,,,,,,,,,,,,,,,,,,,,,,,,,,,,,,,,,,,,,,,,,,,,,,,,,,,,,,Quarterly Access Review,,,,,,,,,,,,,,,Not Specified,,,,,,,,,,<a href='https://freewheel.aha.io/features/'></a>,,,,,,,,,,,,,,,,,,,,,,,,,,,,,ESC-59667,,,,,,,,,,,,,,,,,,,,,,,,,,,,,,,,,,,,,,,,,,,,,,,,,,,,,,,,,New,,,,,,,,,,,,,,,,,,,,,,,,,,,,Standard,,,,,,,,,,,,,,,,,MRM Only,,,,A&E,,,,,,,,,,,,,,,,,,,,,No,,,,0,,,,,,,No,,,,,,,,,,,,,,,,,,,,,,,,,,,,,,,,,Not Started - White,,,,,,,,,,,,,,,,,,,,,,,,,,,,,,,,,,Permanent,,,,,,,,,,,,,,,,,,,,nobody,,,,,,,,,,,,,Internal Escalation,,,,,,,,,,,,,,,,,,,,,,,,,,,,,,,,,None,,,,,,,,,0,,,,,,,,,,,,,,,,,,,None Specified,,,,,,,,,,,,,,,,,,,,,,,,,,,,,Internal - ENG,,,,,,,,,,,Low,Cost,,,,,,TBD,,,,,,,,Minor Incident,,,,,,,,,,,,,,,,,,,,,,,,,,,,,,,,,,,,,,,,,,,,,,,,,,,,,,,,,,,,,1,Fri Sep 29 08:51:52 UTC 2023,"Required for P1/P2 issues, full description of the current status.",,,,,,,,No,,,,,,,,,,,,,,,,,,,,,,,,,,,,,,,,,,,,,New Build,,,,,,,,,,,,,,,,,,,Amazon Linux,,,,No,kpham,,,,,,,,,,,,,,,,,,,,,,,,,,,,,,,,,,,,,,,,,0,,,,,,,,,,,,,,,,,,Not Specified,,TBD,,,,Open,,,,,,,,,,,,,,,,,,,,,,,,,,Not Started,,,,,,,,nobody,,,,,,,,,,,,,,,,,,"*Description:*

*Impact:*

*Root Cause:*

*Resolution:*

*Preventative Measures:*",,,,,1|i24xkg:,9.22337E+18,,,,,,,,,,,,,,,,,,,,,,,,,,,,,,,,,,,,,,,,Not Specified,,,,,,,,,,,,,,,,,,,,,,,,,,,,,,,,,,,,,,,,,,,,,,,,,,,,,,,,,,,,,,,,,,,,,,,,,,,,,,,,,,,,,,,,,,,,,,,,,,,,,,,,,,,,,,,,,,,,,,,,,,,,,,,,,,,The fields on this tab are designed for Serviceability data collection by team SE&OQ. More details please refer to https://wiki.freewheel.tv/pages/viewpage.action?pageId=450573051,I Don't Know,,,,,,,,,,,Database,No,,,9/28/2023 15:50,Thu Sep 28 19:50:47 UTC 2023,,,,,,,,,,,,,,,,,,,,,,,,,,,,,,,Windows 10,,,,,,Hardware break/fix,,,,Not Specified,No,,,,,,,,,,,,,,,,,,,,,,,,,,,,,,,,,,,,,,,,,,,,,,,,,,,,,,,,,,,,,,,,,,,,,,,Sat Jul 01 00:00:00 UTC 2017,,Medium,,,,,,,,,No,,,,,,,,,,,,,,,,,,,,,,,,,,,,,,,,,,,,,,,,,https://freewheel.zendesk.com/agent/tickets/180283,,,"28/Sep/23 11:23;kpham;+[~cshah] 

cc:  [~cphuah] ;;;","28/Sep/23 11:27;cphuah;The engineers have identified the issue and going to start on the quick patch release soon

cc [~cshah]  and [~kpham] ;;;",28/Sep/23 11:27;cshah;Engineering is aware of this issue and we are working on a very quick small patch which should fix the problem.;;;,28/Sep/23 15:50;kpham;Deployment successfully completed.;;;,29/Sep/23 04:51;nramalingam;Failed orders has been pushed to Marathon Successfully! Its Working now.;;;,,,,,,,,,
EU Production script caused issues for all EU customers,ESC-56678,842903,Investigation,Done,ESC,Escalation,software,mtorres,"Project for all support activities escalated to engineering team.

Please visit [Escalation Wiki|http://wiki.dev.fwmrm.net/display/JIRADOC/Escalations+-+ESC] for more information.
Please follow [Engineering Guidance|http://wiki.dev.fwmrm.net/display/JIRADOC/ENG+Guidance+to+Handle+Escalation+Tickets] for ticket processing from Engineering side
",https://jira.freewheel.tv/browse/ESC/,MAJOR - P2,Done,OPSfwaTechOps,mplatts,mplatts,7/5/2023 11:36,2/19/2024 20:13,4/14/2026 2:53,7/13/2023 14:00,,,,0,auto_closed,NOC-ACK,qos_reviewed,,,"[~cphuah]

Environment: Adazzle-EU

Affected Clients, DAN France, Havas France

We have accidentally made a database change in EU production which has affected all clients, as follows.

 
{code:java}
update CommissionRelationship
set enddate = '09 Dec 2020'
where bepublicationid is NULL{code}
 

We would like to revert this.

[~mspencer] advised as follows:

""Rolling back a committed transaction is not viable. (It's technically possible and there are some DBA tools that attempt to provide the functionality but it is very much a here-be-dragons kinda thing). My recommendation would be to do a DB restore to a support environment, bulk export the impacted table, bulk load it into a temporary table in production and then merge the dataset into the live table.""

Nature of customer impact: The Plan media can't be converted without the fees so they are blocked
When we consult the commission, here an example : select * from commissionrelationship where agencylinkid =9430",,cphuah,mplatts,njones,scriptrunner,sdaskalov,,,,,,,,,,,,,,,,,,,,05/Jul/23 12:33;flarose;DAN FR PROD - Update Commission End Date 050723.sql;https://jira.freewheel.tv/secure/attachment/409257/DAN+FR+PROD+-+Update+Commission+End+Date+050723.sql,05/Jul/23 12:45;sdaskalov;Dry run - DAN FR PROD - Update Commission End Date 050723.sql.txt;https://jira.freewheel.tv/secure/attachment/409172/Dry+run+-+DAN+FR+PROD+-+Update+Commission+End+Date+050723.sql.txt,05/Jul/23 12:55;sdaskalov;Dry run 2 - HAVASFRANCE_UPDATE_CommissionEndDate.SQL.txt;https://jira.freewheel.tv/secure/attachment/409174/Dry+run+2+-+HAVASFRANCE_UPDATE_CommissionEndDate.SQL.txt,05/Jul/23 13:13;sdaskalov;Dry run 3 - HAVASFRANCE_UPDATE_CommissionEndDate-1.SQL;https://jira.freewheel.tv/secure/attachment/409180/Dry+run+3+-+HAVASFRANCE_UPDATE_CommissionEndDate-1.SQL,05/Jul/23 13:18;sdaskalov;Dry run 4 - HAVASFRANCE_UPDATE_CommissionEndDate_FINAL.SQL.txt;https://jira.freewheel.tv/secure/attachment/409181/Dry+run+4+-+HAVASFRANCE_UPDATE_CommissionEndDate_FINAL.SQL.txt,05/Jul/23 12:39;sdaskalov;Dry run HAVASFRANCE_UPDATE_CommissionEndDate.txt;https://jira.freewheel.tv/secure/attachment/409171/Dry+run+HAVASFRANCE_UPDATE_CommissionEndDate.txt,05/Jul/23 13:16;mcecilesanto;HAVASFRANCE_UPDATE_CommissionEndDate_FINAL.SQL;https://jira.freewheel.tv/secure/attachment/409268/HAVASFRANCE_UPDATE_CommissionEndDate_FINAL.SQL,05/Jul/23 12:47;sdaskalov;Wet run - DAN FR PROD - Update Commission End Date 050723.sql.txt;https://jira.freewheel.tv/secure/attachment/409173/Wet+run+-+DAN+FR+PROD+-+Update+Commission+End+Date+050723.sql.txt,05/Jul/23 13:20;sdaskalov;Wet run - HAVASFRANCE_UPDATE_CommissionEndDate_FINAL.SQL.txt;https://jira.freewheel.tv/secure/attachment/409182/Wet+run+-+HAVASFRANCE_UPDATE_CommissionEndDate_FINAL.SQL.txt,,,,,,,,,,,,,,,,,,,,,,,,,,,,,,,,,,,,,,,,,,,,,,,,Quarterly Access Review,,,,,,,,,,,,,,,Not Specified,,,,,,,,,,<a href='https://freewheel.aha.io/features/'></a>,,,,,,,,,,,,,,,,,,,,,,,,,,,,,ESC-56678,,,,,,,,,,,,,,,,,,,,,,,,,,,,,,,,,,,,,,,,,,,,,,,,,,,,,,,,,New,,,,,,,,,,,,,,,,,,,,,,,,,,,,Standard,,,,,,,,,,,,,,,,,MRM Only,,,,Other (Specify in Comments),,,,,,,,,,,,,,,,,,,,,No,,,,0,,,,,,,No,,,,,,,,,,,,,,,,,,,,,,,,,,,,,,,,,Not Started - White,,,,,,,,,,,,,,,,,,,,,,,,,,,,,,,,,,Permanent,,,,,,,,,,,,,,,,,,,,nobody,,,,,,,,,,,,,External Escalation,,,,,,,,,,,,,,,,,,,,,,,,,,,,,,,,,None,,,,,,,,,0,,,,,,,,,,,,,,,,,,,None Specified,,,,,,,,,,,,,,,,,,,,,,,,,,,,,Internal - ENG,,,,,,,,,,,Low,Cost,,,,,,TBD,,,,,,FreeWheel,,Minor Incident,https://freewheel.slack.com/archives/C027SGR429H/p1688571779165329,Stability,,,,,,,,,,,,,,,,,,,,,,,,,,,,,,,,,,,,,,,,,,,,,,,,,,,,,,,,,,,1,Thu Jul 13 18:00:12 UTC 2023,"Required for P1/P2 issues, full description of the current status.",,,,,,,,No,,,,,,,,,,,,,,,,,,,,,,,,,,,,,,,,,,,,,New Build,,,,,,,,,,,,,,,,,,,Amazon Linux,,,,No,cphuah,,,,,,,,,,,,,,,,,,,,,,,,,,,,,,,,,,,,Solution Provided,,,,,0,,,,,,,,,,,,,,,,,,Not Specified,,No,,STRATA AGENCY: OneStrata,,Open,,,,,,,,,,,,,,,,,,,,,,,,,,Not Started,,,,,,,,nobody,,,,,,,,,,,,,,,,,,"*Description:*

*Impact:*

*Root Cause:*

*Resolution:*

*Preventative Measures:*",,,,,1|i200fc:,9.22337E+18,,,,,,,,,,,,,,,,,,,,,,,,,,,,,,,,,,,,,,,,Not Specified,,,,,,,,,,,,,,,,,,,,,,,,,,,,,,,,,,,,,,,,,,,,,,,,,,,,,,,,,,,,,,,,,,,,,,,,,,,,,,,,,,,,,,,,,,,,,,,,,,,,,,,,,,,,,,,,,,,,,,,,,,,,,,,,,,,This tab is designed for Serviceability data collection by team SE&OQ.,I Don't Know,,,,,,,,,,,Database,No,,,7/13/2023 14:00,Thu Jul 13 18:00:12 UTC 2023,,,,,,,,,,,,,,,,,,,,,,,,,,,,,,,Windows 10,,,,,,Hardware break/fix,,,,Not Specified,No,,,,,,,,,,,,,,,,,,,,,,,,,,,,,,,,,,,,,,,,,,,,,,,,,,,,,,,,,,,,,,,,,,,,,,,Sat Jul 01 00:00:00 UTC 2017,,Medium,,,,,,,,,No,,,,,,,,,,,,,,,,,,,,,,,,,,,,,,,,,,,,,,,,solved,https://freewheel.zendesk.com/agent/tickets/173718,,,"05/Jul/23 12:34;cphuah;Stan, [~mcecilesanto]  will attach the restore script soon.

 

cc [~sdaskalov]  [~mplatts] 

 ;;;","05/Jul/23 12:40;sdaskalov;Dry run error: Expected updates (6013) <> actual updates (1). Changes have been rolled back.

[^Dry run HAVASFRANCE_UPDATE_CommissionEndDate.txt]

 ;;;","05/Jul/23 12:46;sdaskalov;Dry run:
...

What If dry run flag is on.  Dry run successsful.  Rolling Back

16:44:26: Finished.

 


[^Dry run - DAN FR PROD - Update Commission End Date 050723.sql.txt];;;","05/Jul/23 12:47;sdaskalov;Wet run DAN FR PROD - Update Commission End Date 050723.sql: 

Changes have been committed!

16:46:26: Finished.

[^Wet run - DAN FR PROD - Update Commission End Date 050723.sql.txt];;;","05/Jul/23 12:55;sdaskalov;Dry run error - HAVASFRANCE_UPDATE_CommissionEndDate.SQL :



Msg 50000, Level 16, State 1, Line 6075
Conversion failed when converting date and/or time from character string.
Msg 50000, Level 16, State 1, Line 6076
Error encountered in script.  Rolling Back

Completion time: 2023-07-05T16:53:27.5919955+00:00

[^Dry run 2 - HAVASFRANCE_UPDATE_CommissionEndDate.SQL.txt];;;","05/Jul/23 13:12;sdaskalov;Dry run 3 error - HAVASFRANCE_UPDATE_CommissionEndDate.SQL:

Expected updates (6013) <> actual updates (6014). Changes have been rolled back.

17:11:19: Finished.

Completion time: 2023-07-05T17:11:19.8141301+00:00;;;","05/Jul/23 13:18;sdaskalov;Dry run 4 - HAVASFRANCE_UPDATE_CommissionEndDate_FINAL.SQL 

...
What If dry run flag is on.  Dry run successsful.  Rolling Back

17:17:48: Finished.

Completion time: 2023-07-05T17:17:49.0811645+00:00

[^Dry run 4 - HAVASFRANCE_UPDATE_CommissionEndDate_FINAL.SQL.txt];;;","05/Jul/23 13:20;sdaskalov;Wet run - HAVASFRANCE_UPDATE_CommissionEndDate_FINAL.SQL :

...

Changes have been committed!

17:19:35: Finished.

Completion time: 2023-07-05T17:19:35.4578002+00:00

[^Wet run - HAVASFRANCE_UPDATE_CommissionEndDate_FINAL.SQL.txt];;;","10/Jul/23 19:39;scriptrunner;This ticket has been pending for more than 5 days without updates. 
[~mplatts] please update it and reopen to ENG/OPS if you need further actions. Otherwise it will be automatically closed in 2 days.;;;",,,,,
"Media Bridge (3608), Asher (5879), Crossmedia (3828) - Unable to load Analytics ""Error Loading Analytics Page. Error Code: Connection Refused""",ESC-53513,804801,Investigation,Done,ESC,Escalation,software,mtorres,"Project for all support activities escalated to engineering team.

Please visit [Escalation Wiki|http://wiki.dev.fwmrm.net/display/JIRADOC/Escalations+-+ESC] for more information.
Please follow [Engineering Guidance|http://wiki.dev.fwmrm.net/display/JIRADOC/ENG+Guidance+to+Handle+Escalation+Tickets] for ticket processing from Engineering side
",https://jira.freewheel.tv/browse/ESC/,MAJOR - P2,,OPSfwaTechOps,rquam,salesforce,3/22/2023 9:40,4/5/2023 22:58,4/14/2026 2:53,,,,,0,202303,OPS-2023,OPS-FWAOPS,qos_reviewed,T2_monitor,"Multiple agencies are unable to load Analytics in SBMS due to the error ""Error Loading Analytics Page. Error Code: Connection Refused"" (screenshot attached.) We are able to replicate this in the following trainer accounts:

Media Bridge (3608)

Asher (5879)

Crossmedia (3828)",,cphuah,crivas,lromo,mtorres,salesforce,,,,,,,,,,,,,,,,,,,,22/Mar/23 09:41;rquam;Snag_a79ee18.png;https://jira.freewheel.tv/secure/attachment/391373/Snag_a79ee18.png,22/Mar/23 09:46;lromo;image-2023-03-22-08-46-52-087.png;https://jira.freewheel.tv/secure/attachment/391375/image-2023-03-22-08-46-52-087.png,,,,,,,,,,,,,,,,,,,,,,,,,,,,,,,,,,,,,,,,,,,,,,,,,,,,,,,Quarterly Access Review,,,,,,,,,,,,,,,Not Specified,,,,,,,,,,<a href='https://freewheel.aha.io/features/'></a>,,,,,,,,,,,,,,,,,,,,,,,,,,,,,ESC-53513,,,,,,,,,,,,,,,,,,,,,,,,,,,,,,,,,,,,,,,,,,,,,,,,,,,,,,,,,New,,,,,,,,,,,,,,,,,,,,,,,,,,,,Standard,,,,,,,,,,,,,,,,,MRM Only,,,,ALL,,,,,,,,,,,,,,,,,,,,,No,,,,0,,,,,,,No,,,,,,,,,,,,,,,,,,,,,,,,,,,,,,,,,Not Started - White,,,,,,,,,,,,,,,,,,,,,,,,,,,,,,,,,,Permanent,,,,,,,,,,,,,,,,,,,,,,,,,,PROD,,,,,,,Internal Escalation,,,,,,,,,,,,,,,,,,,,,,,,,,,,,,,,,None,,,,,,,,,0,,,,,,,,,,,,,,,,,,,None Specified,,,,,,,,,,,,,,,,,,,,,,,,,,,,,Internal - ENG,,,,,,,,,,,Low,Cost,,,,,,TBD,,,,,,,,Minor Incident,,,,,,,,,,,,,,,,,,,,,,,,,,,,,,,,,,,,,,,,,,,,,,,,,,,,,,,,,,,,,1,Wed Mar 22 14:14:18 UTC 2023,"Required for P1/P2 issues, full description of the current status.",,,,,,,,No,,,,,,,,,,,,,,,,,,,,,,,,,,,,,,,,,,,,,New Build,,,,,,,,,,,,,,,,,,,Amazon Linux,,,,No,,,,,,,,,,,,,,,,,,,,,,,,,,,,,,,,,,,,,,,,,,0,,,,,,,,,,,,,,,,,,Not Specified,,TBD,,,,Open,,,,,,,,,,,,,,,,,,,,,,,,,,Not Started,,,,,,,,nobody,,,,,,,,,,,,,,,,,,"*Description:*

*Impact:*

*Root Cause:*

*Resolution:*

*Preventative Measures:*",,,,,1|i1ttdf:,9.22337E+18,,,,,,,,,,,,,,,,,,,,,,,,,,,,,,,,,,,,,,,,Not Specified,,,,,,,,,,,,,,,,,,,,,,,,,,,,,,,,,,,,,,,,,,,,,,,,,,,,,,,,,,,,,,,,,,,,,,,,,,,,,,,,,,,,,,,,,,,,,,,,,,,,,,,,,,,,,,,,,,,,,,,,,,,,,,,,,,,,I Don't Know,,,,,,,,,,,Database,No,,,,Tue Apr 14 06:53:09 UTC 2026,,,,,,,,,,,,,,,,,,,,,,,,,,,,,,,Windows 10,,,,,,Hardware break/fix,,,,Not Specified,No,,,,,,,,,,,,,,,,,,,,,,,,,,,,,,,,,,,,,,,,,,,,,,,,,,,,,,,,,,,,,,,,,,,,,,,Sat Jul 01 00:00:00 UTC 2017,,Medium,,,,,,,,,No,,,,,,,,,,,,,,,,,,,,,,,,,,,,,,,,,,,,,,,,,,,,"22/Mar/23 09:47;lromo;It looks like Prod is down. 
!image-2023-03-22-08-46-52-087.png|width=517,height=394!;;;",22/Mar/23 10:03;crivas;[~rquam] [~lromo] should this Jira OPS ticket be moved into ESC so we can create a channel and begin the P2 process? ;;;,22/Mar/23 10:12;mtorres;moving this to ESC as this could attribute to client facing issues;;;,"22/Mar/23 10:12;cphuah;It is up and running now.

We are working with Looker support team to find out the issue in Looker.;;;",,,,,,,,,,
Need TBS Schedules Re-Pushed,ESC-52334,789714,Investigation,Done,ESC,Escalation,software,mtorres,"Project for all support activities escalated to engineering team.

Please visit [Escalation Wiki|http://wiki.dev.fwmrm.net/display/JIRADOC/Escalations+-+ESC] for more information.
Please follow [Engineering Guidance|http://wiki.dev.fwmrm.net/display/JIRADOC/ENG+Guidance+to+Handle+Escalation+Tickets] for ticket processing from Engineering side
",https://jira.freewheel.tv/browse/ESC/,NORMAL - P3,Done,OPSfwaTechOps,khines,khines,2/12/2023 17:13,4/24/2024 11:25,4/14/2026 2:53,2/24/2023 14:01,,,,0,auto_closed,NOT_COMPLETE,qos_reviewed,Retro_Candidate,," 

Network ID: 48804

Summary of the issue report (symptom):

 

from client - needs work ASAP - 
"" TBS streams - schedules appear to be missing in LRM. ""

They want stuff re-pushed, but we need this done ASAP.

Please help me assign this to the correct group if this is wrong.

 ",,agrullon,cphuah,gsogorka,khines,kxu,noc_api,rzheng,scriptrunner,wrwang,,,,,,,,,,,,,,FWS-33311,,,,,,,,,,,,,,,,,,,,,,,,,,,,,,,,,,,,,,,,,,,,,,,,,,,,,,,,,,Quarterly Access Review,,,,,,,,,,,,,,,Not Specified,,,,,,,,,,<a href='https://freewheel.aha.io/features/'></a>,,,,,,,,,,,,,,,,,,,,,,,,,,,,,ESC-52334,,,,,,,,,,,,,,,,,,,,,,,,,,,,,,,,,,,,,,,,,,,,,,,,,,,,,,,,,New,,,,,,,,,,,,,,,,,,,,,,,,,,,,Standard,,,,,,,,,,,,,,,,,MRM Only,,,,Turner Broadcasting,,,,,,,,,,,,,,,,,,,,,No,,,,0,,,,,,,No,,,,,,,,,,,,,,,,,,,,,,,,,,,,,,,,,Not Started - White,,,,,,,,,,,,,,,,,,,,,,,,,,,,,,,,,,Permanent,,,Misleading Information,,,,,,,,,,,,,,,,,nobody,,,,,,,,,,,,,External Escalation,,,,,,,,,,,,,,,,,,,,,,,,,,,,,,,,,None,,,,,,,,,0,,,,,,,,,,,,,,,,,,,None Specified,,,,,,,,,,,,,,,,,,,,,,,,,,,,,Internal - ENG,,,,,,,,,,,Low,Cost,,,,,,TBD,,,,,,,,Minor Incident,,,,,,,,,,,,,,,,,,,,,,,,,,,,,,,,,,,,,,,,,,,,,,,,,,,,,,,,,,,,,1,Fri Feb 24 19:01:13 UTC 2023,"Required for P1/P2 issues, full description of the current status.",,,,,,,,No,,,,,,,,,,,,,,,,,,,,,,,,,,,,,,,,,,,,,New Build,,,,,,,,,,,,,,,,,,,Amazon Linux,,,,No,,,,,,,,,,,,,,,,,,,,,,,,,,,,,,,,,,,,,Information Required,,,,,0,,,,,,,,,,,,,,,,,,Not Specified,,TBD,,,,Open,,,,,,,,,,,,,,,,,,,,,,,,,,Not Started,,,,,,,,nobody,,,,,,,,,,,,,,,,,,"*Description:*

*Impact:*

*Root Cause:*

*Resolution:*

*Preventative Measures:*",,,,,1|i1rbp2:,9.22337E+18,,,,,,,,,,,,,,,,,,,,,,,,,,,,,,,,,,,,,,,,Not Specified,,,,,,,,,,,,,,,,,,,,,,,,,,,,,,,,,,,,,,,,,,,,,,,,,,,,,,,,,,,,,,,,,,,,,,,,,,,,,,,,,,,,,,,,,,,,,,,,,,,,,,,,,,,,,,,,,,,,,,,,,,,,,,,,,,,This tab is designed for Serviceability data collection by team SE&OQ.,I Don't Know,,,,,,,,,,,Database,No,,,2/24/2023 14:01,Fri Feb 24 19:01:13 UTC 2023,,,,,,,,,,,,,,,,,,,,,,,,,,,,,,,Windows 10,,,,,,Hardware break/fix,,,,Not Specified,No,,,,,,,,,,,,,,,,,,,,,,,,,,,,,,,,,,,,,,,,,,,,,,,,,,,,,,,,,,,,,,,,,,,,,,,Sat Jul 01 00:00:00 UTC 2017,,Medium,,,,,,,,,No,,,,,,,,,,,,,,,,,,,,,,,,,,,,,,,,,,,,,,,,pending,https://freewheel.zendesk.com/agent/#/tickets/164814,,,"12/Feb/23 17:26;rzheng;Hi [~khines] ,

Could you elaborate a little bit more what's LRM is? And what schedules needs to be re-pushed? Any UI links or other references?;;;","12/Feb/23 17:37;khines;Hi [~rzheng] on the bridge and working to get relevant info. 

I am told it's an issue with the SOS endpoint on FreeWheel. And it involves Strata. 

I realize this is still vague. Working to get more.;;;","12/Feb/23 17:38;khines;Gateway Timeout URL from client:

 

[https://sos.gotostrata.com/Standard_Export_ws/StandardExport.asmx?op=GetExportDataWithXML]




Error occurred. Error details: [Error on getting SOS schedule data set for the channel: TBSC. Error details: Error response received (after retries) on calling SOS for the channel TBSC. Error: Message error on SOS send: Post ""[https://sos.gotostrata.com/Standard_Export_ws/StandardExport.asmx?op=GetExportDataWithXML]"": context deadline exceeded (Client.Timeout exceeded while awaiting headers)]

[2:53|https://cim.slack.com/archives/G01E0R5PNGP/p1676238839822439]

SOS api pull failed for the following 1 channels [TBSC]

 ;;;","12/Feb/23 17:46;cphuah;[~khines]  - The site is working without issue.

Do you know which client?

There are 4 versions (from 1 to 4) - Please ask the client to select the correct version.

Example: Version 1

[https://sos.gotostrata.com/Standard_Export_ws/StandardExport.asmx]

[https://sos.gotostrata.com/Standard_Export_ws/StandardExport.asmx?op=GetExportDataWithXML1]

 

 ;;;",12/Feb/23 17:47;mlorenzo;[~cphuah] TBS is the client.;;;,"12/Feb/23 17:50;khines;The Network is Turner - I asked them ""what version"" but they didn't seem to understand the terminology.;;;","12/Feb/23 18:09;khines;Another error message forwarded to me from client:

R2304: Operation name overloading in a wsdl:portType is disallowed by the Profile. A wsdl:portType in a DESCRIPTION MUST have operations with distinct values for their name attributes. Note that this requirement applies only to the wsdl:operations within a given wsdl:portType. A wsdl:portType may have wsdl:operations with names that are the same as those found in other wsdl:portTypes.
- Operation 'GetExportDataWithXML' on portType 'Service1Soap' from namespace '[http://tempuri.org/]'.
- Operation 'GetExportDataWithXML' on portType 'Service1Soap' from namespace '[http://tempuri.org/]'.
- Operation 'GetExportDataWithXML' on portType 'Service1Soap' from namespace '[http://tempuri.org/]'.
Recommendation: To make service conformant please make sure that all web methods belonging to the same binding have unique names.;;;",12/Feb/23 18:27;khines;Update: Jeff Meckert is checking our log files and seeing LRM calling FreeWheel successfully - last time at 5:10 CT;;;,"12/Feb/23 18:40;khines;The calls to TBS are taking longer than other networks, client is seeing if they can change their timeout threshold as a temporary fix. Will need to determine why TBS calls are taking longer.;;;","12/Feb/23 19:18;agrullon;Per [~jmeckert], 
https://jira.freewheel.tv/browse/FWS-33311
 
LRM Eng is working on a work around, issue appears to be related to a timeout issue, only affecting TBS network no others;;;",12/Feb/23 19:50;agrullon;Client is currently configuring and testing threshold timeouts for LRM.  Placing ticket on pending while we await for client response.;;;,12/Feb/23 22:16;noc_api;Priority Change From [P1] to [P3];;;,"12/Feb/23 22:17;wrwang;Downgrade the Jira as LRM was able to import all programming data they needed for TBS network.

According to [https://freewheel.slack.com/archives/C04P59UJGSZ/p1676255928751409] -  

The issue was on the Client side.  We will however investigate on SOS side to see if there is anything we can determine regarding processing time of client service response.;;;","20/Feb/23 21:55;scriptrunner;This ticket has been pending for more than 5 days without updates. 
[~khines] please update it and reopen to ENG/OPS if you need further actions. Otherwise it will be automatically closed in 2 days.;;;"
